ChangeType,membershipNumber,referenceNumber,ticketNumber,activityDate,activityDate_ODH,claimDate,claimDate_ODH,confirmDate,confirmDate_ODH,activityStatus,activityStatus_ODH,operatingCarrierCode,operatingCarrierCode_ODH,operatingFlightNumber,operatingFlightNumber_ODH,origin,origin_ODH,destination,destination_ODH,ticketedFirstName,ticketedFirstName_ODH,ticketedLastName,ticketedLastName_ODH,accrualActivityStatus,accrualActivityStatus_ODH,MismatchedFields
INSERT,601767031,241432,0142125132890,,,2026-10-05,,2026-10-05,,R,,UA,,568,,YYZ,,DEN,,HARUNA,,ALISON,,,,
UPDATE,112267783,240887,0142033333322,,,2026-08-31,2026-08-31,2026-08-31,2026-08-31,R,R,LH,LH,123,123,YVR,YVR,YUL,YUL,TEST1,Berniece,UPDATE1,Harris,,,"claimDate, confirmDate, operatingFlightNumber, ticketedFirstName, ticketedLastName"
UPDATE,400455531,240401,9876543456789,,,2026-09-04,2026-09-04,,,D,D,A3,A3,98767,98767,YYZ,YYZ,YVR,YVR,DINESH,DINESH,DINESH,DINESH,,,"claimDate, operatingFlightNumber"
UPDATE,400455531,240402,8765436789765,,,2026-09-04,2026-09-04,,,D,D,A3,A3,87657,87657,YYZ,YYZ,YVR,YVR,DINESH,DINESH,DINESH,DINESH,,,"claimDate, operatingFlightNumber"
UPDATE,400455531,240707,9876543234567,,,2026-09-17,2026-09-17,,,D,D,CA,CA,09877,9877,YYZ,YYZ,YVR,YVR,DINESH,DINESH,DINESH,DINESH,,,"claimDate, operatingFlightNumber"
UPDATE,400455531,240708,8765543356778,,,2026-09-18,2026-09-18,2026-09-18,2026-09-18,R,R,OS,OS,98765,98765,YYZ,YYZ,YVR,YVR,DINESH DINESH,DINESH DINESH,DINESH,DINESH,,,"claimDate, confirmDate, operatingFlightNumber"
UPDATE,400455531,240721,8765467890876,,,2026-09-20,2026-09-20,,,D,D,AI,AI,87654,87654,YYZ,YYZ,YVR,YVR,DINESH,DINESH,DINESH,DINESH,,,"claimDate, operatingFlightNumber"
UPDATE,400455531,240723,7654356789765,,,2026-09-21,2026-09-21,,,D,D,OZ,OZ,09876,9876,YYZ,YYZ,YVR,YVR,DINESH,DINESH,DINESH,DINESH,,,"claimDate, operatingFlightNumber"
UPDATE,400455531,240724,8765456789876,,,2026-09-21,2026-09-21,,,D,D,4Y,4Y,09876,9876,YYZ,YYZ,YVR,YVR,DINESH,DINESH,DINESH,DINESH,,,"claimDate, operatingFlightNumber"
UPDATE,400455531,241006,8765434567897,,,2026-09-17,2026-09-17,,,D,D,AI,AI,098,98,YYZ,YYZ,YVR,YVR,DINESH,DINESH,DINESH,DINESH,,,"claimDate, operatingFlightNumber"
UPDATE,400455531,241007,8765435678976,,,2026-09-18,2026-09-18,,,D,D,A3,A3,098,98,YYZ,YYZ,YVR,YVR,DINESH,DINESH,DINESH,DINESH,,,"claimDate, operatingFlightNumber"
UPDATE,400455531,241022,4567898765456,,,2026-09-21,2026-09-21,,,D,D,MK,MK,09890,9890,YYZ,YYZ,YVR,YVR,DINESH,DINESH,DINESH,DINESH,,,"claimDate, operatingFlightNumber"
UPDATE,400455531,241418,4567898791234,,,2026-09-25,2026-09-25,,,D,D,MK,MK,90876,90876,YYZ,YYZ,YVR,YVR,DINESH,DINESH,DINESH,DINESH,,,"claimDate, operatingFlightNumber"
UPDATE,400455531,241421,3456789456788,,,2026-09-25,2026-09-25,,,D,D,A3,A3,678,678,YUL,YUL,YYZ,YYZ,DINESH,DINESH,DINESH,DINESH,,,"claimDate, operatingFlightNumber"
UPDATE,444267742,240216,0142033334441,,,2026-08-31,2026-08-31,,,D,D,LH,LH,123,123,YVR,YVR,YUL,YUL,Elza,Elza,Parisian,Parisian,,,"claimDate, operatingFlightNumber"
UPDATE,444267742,240217,0142033334441,,,2026-08-31,2026-08-31,2026-08-31,2026-08-31,P,P,LH,LH,123,123,YVR,YVR,YUL,YUL,Elza,Elza,Parisian,Parisian,P,P,"claimDate, confirmDate, operatingFlightNumber"
UPDATE,600505119,240107,0142124778147,,,2026-08-10,2026-08-10,2026-08-10,2026-08-10,P,P,AC,AC,844,844,YUL,YUL,FRA,FRA,HENRIETTE,HENRIETTE,VALERIE,VALERIE,P,P,"claimDate, confirmDate, operatingFlightNumber"
UPDATE,601465701,241011,2345678921345,,,2026-09-18,2026-09-18,2026-09-18,2026-09-18,R,R,NZ,NZ,34567,34567,YUL,YUL,YYZ,YYZ,AVIS WEST,AVIS WEST,WEST,WEST,,,"claimDate, confirmDate, operatingFlightNumber"
UPDATE,601767023,239502,0143412865457,,,2026-07-21,2026-07-21,2026-07-21,2026-07-21,P,P,AC,AC,323,323,YVR,YVR,YUL,YUL,HARUNA,HARUNA,ALISON,ALISON,P,P,"claimDate, confirmDate, operatingFlightNumber"
UPDATE,601767023,239733,0143532865894,,,2026-08-04,2026-08-04,2026-08-04,2026-08-04,R,R,LH,LH,323,323,YVR,YVR,YUL,YUL,HARUNA,HARUNA,ALISON,ALISON,,,"claimDate, confirmDate, operatingFlightNumber"
UPDATE,601767023,239734,0143532865891,,,2026-08-04,2026-08-04,2026-08-04,2026-08-04,R,R,UA,UA,323,323,YVR,YVR,YUL,YUL,HARUNA,HARUNA,ALISON,ALISON,,,"claimDate, confirmDate, operatingFlightNumber"
UPDATE,601767023,239802,0143522865452,,,2026-07-23,2026-07-23,2026-07-23,2026-07-23,R,R,CM,CM,481,481,YVR,YVR,YUL,YUL,HARUNA,HARUNA,ALISON,ALISON,,,"claimDate, confirmDate, operatingFlightNumber"
UPDATE,601767023,239805,0143522865452,,,2026-07-23,2026-07-23,2026-07-23,2026-07-23,P,P,AC,AC,481,481,YVR,YVR,YUL,YUL,HARUNA,HARUNA,ALISON,ALISON,P,P,"claimDate, confirmDate, operatingFlightNumber"
UPDATE,601767023,239910,0143532865461,,,2026-08-06,2026-08-06,,,D,D,A3,A3,323,323,YVR,YVR,YUL,YUL,HARUNA,HARUNA,ALISON,ALISON,,,"claimDate, operatingFlightNumber"
UPDATE,601767023,240213,1602301505679,,,2026-08-26,2026-08-26,,,D,D,CX,CX,453,453,HKG,HKG,YVR,YVR,HARUNA,HARUNA,ALISON,ALISON,,,"claimDate, operatingFlightNumber"
UPDATE,601767023,240307,0143539845457,,,2026-08-14,2026-08-14,2026-08-14,2026-08-14,P,P,AC,AC,323,323,YVR,YVR,YUL,YUL,HARUNA,HARUNA,ALISON,ALISON,P,P,"claimDate, confirmDate, operatingFlightNumber"
UPDATE,601767023,240313,0162301501119,,,2026-08-26,2026-08-26,2026-08-26,2026-08-26,R,R,UA,UA,292,292,IAH,IAH,MCO,MCO,HARUNA ALISON,HARUNA ALISON,ALISON,ALISON,,,"claimDate, confirmDate, operatingFlightNumber"
UPDATE,601767023,240314,2302301501119,,,2026-08-26,2026-08-26,2026-08-26,2026-08-26,R,R,CM,CM,292,292,PTY,PTY,YVR,YVR,HARUNA ALISON,HARUNA ALISON,ALISON,ALISON,,,"claimDate, confirmDate, operatingFlightNumber"
UPDATE,601767023,240315,2202301505678,,,2026-08-26,2026-08-26,2026-08-26,2026-08-26,R,R,LH,LH,453,453,FRA,FRA,YVR,YVR,HARUNA ALISON,HARUNA ALISON,ALISON,ALISON,,,"claimDate, confirmDate, operatingFlightNumber"
UPDATE,601767023,240316,1602301505679,,,2026-08-26,2026-08-26,2026-08-26,2026-08-26,R,R,CX,CX,453,453,YVR,YVR,HKG,HKG,HARUNA,HARUNA,ALISON,ALISON,,,"claimDate, confirmDate, operatingFlightNumber"
UPDATE,601767023,240330,3902301505675,,,2026-09-01,2026-09-01,,,D,D,A3,A3,453,453,HKG,HKG,YVR,YVR,HARUNA,HARUNA,ALISON,ALISON,,,"claimDate, operatingFlightNumber"
UPDATE,601767023,240413,3902301505678,,,2026-09-08,2026-09-08,2026-09-08,2026-09-08,R,R,A3,A3,00453,453,HKG,HKG,YVR,YVR,HARUNA ALISON,HARUNA ALISON,ALISON,ALISON,,,"claimDate, confirmDate, operatingFlightNumber"
UPDATE,601767023,240414,1762301505677,,,2026-09-08,2026-09-08,2026-09-08,2026-09-08,R,R,A3,A3,00453,453,HKG,HKG,YVR,YVR,HARUNA ALISON,HARUNA ALISON,ALISON,ALISON,,,"claimDate, confirmDate, operatingFlightNumber"
UPDATE,601767023,240415,1762301505679,,,2026-09-09,2026-09-09,,,D,D,A3,A3,453,453,HKG,HKG,YVR,YVR,HARUNA,HARUNA,ALISON,ALISON,,,"claimDate, operatingFlightNumber"
UPDATE,601767023,240416,1762301505680,,,2026-09-09,2026-09-09,,,D,D,A3,A3,512,512,HKG,HKG,YVR,YVR,HARUNA,HARUNA,ALISON,ALISON,,,"claimDate, operatingFlightNumber"
UPDATE,601767023,240418,0143532868932,,,2026-09-09,2026-09-09,2026-09-09,2026-09-09,R,R,AC,AC,323,323,YVR,YVR,YUL,YUL,HARUNA,HARUNA,ALISON,ALISON,,,"claimDate, confirmDate, operatingFlightNumber"
UPDATE,601767023,240508,1762301505678,,,2026-09-09,2026-09-09,2026-09-09,2026-09-09,R,R,A3,A3,00453,453,HKG,HKG,YVR,YVR,HARUNA ALISON,HARUNA ALISON,ALISON,ALISON,,,"claimDate, confirmDate, operatingFlightNumber"
UPDATE,601767023,240509,0143532868932,,,2026-09-09,2026-09-09,2026-09-09,2026-09-09,R,R,AC,AC,323,323,YVR,YVR,YUL,YUL,HARUNA,HARUNA,ALISON,ALISON,,,"claimDate, confirmDate, operatingFlightNumber"
UPDATE,601767023,240701,1762301505681,,,2026-09-15,2026-09-15,,,D,D,A3,A3,512,512,HKG,HKG,YVR,YVR,HARUNA,HARUNA,ALISON,ALISON,,,"claimDate, operatingFlightNumber"
UPDATE,601767023,241019,0143111865458,,,2026-09-18,2026-09-18,2026-09-18,2026-09-18,P,P,AC,AC,323,323,YVR,YVR,YUL,YUL,HARUNA,HARUNA,ALISON,ALISON,P,P,"claimDate, confirmDate, operatingFlightNumber"
UPDATE,601767031,241532,0142125100306,,,2026-10-02,2026-10-02,2026-10-02,2026-10-02,P,P,AC,AC,418,418,YYZ,YYZ,YUL,YUL,HARUNA,HARUNA,ALISON,ALISON,P,P,"claimDate, confirmDate, operatingFlightNumber"
UPDATE,601767122,240510,0142124912072,,,2026-09-09,2026-09-09,2026-09-09,2026-09-09,P,P,AC,AC,424,424,YYZ,YYZ,YUL,YUL,BUNAG,BUNAG,ANNEHAZEL,ANNEHAZEL,P,P,"claimDate, confirmDate, operatingFlightNumber"
UPDATE,601767122,240706,0142124923357,,,2026-09-16,2026-09-16,2026-09-16,2026-09-16,P,P,AC,AC,415,415,YUL,YUL,YYZ,YYZ,BUNAG TOKYO,BUNAG TOKYO,ANNEHAZEL,ANNEHAZEL,P,P,"claimDate, confirmDate, operatingFlightNumber"
UPDATE,601767205,240803,1762301505686,,,2026-09-15,2026-09-15,,,D,D,A3,A3,512,512,HKG,HKG,YVR,YVR,GUGLIELMI,GUGLIELMI,ROBERTO,ROBERTO,,,"claimDate, operatingFlightNumber"
UPDATE,601767205,241531,0142125100305,,,2026-10-02,2026-10-02,2026-10-02,2026-10-02,P,P,AC,AC,488,488,YYZ,YYZ,YUL,YUL,GUGLIELMI,GUGLIELMI,ROBERTO,ROBERTO,P,P,"claimDate, confirmDate, operatingFlightNumber"
UPDATE,601767239,240801,1762301505682,,,2026-09-15,2026-09-15,,,D,D,A3,A3,512,512,HKG,HKG,YVR,YVR,FINKLER,FINKLER,HARALD,HARALD,,,"claimDate, operatingFlightNumber"
UPDATE,601767254,241002,1762301505689,,,2026-09-15,2026-09-15,,,D,D,A3,A3,512,512,HKG,HKG,YVR,YVR,RICHARD,RICHARD,GILLES,GILLES,,,"claimDate, operatingFlightNumber"
UPDATE,601858913,240703,1762301505690,,,2026-09-15,2026-09-15,,,D,D,A3,A3,512,512,HKG,HKG,YVR,YVR,VICTOR,VICTOR,SAMUEL,SAMUEL,,,"claimDate, operatingFlightNumber"
UPDATE,601858913,240704,1762301505691,,,2026-09-15,2026-09-15,,,D,D,A3,A3,512,512,HKG,HKG,YVR,YVR,VICTOR,VICTOR,SAMUEL,SAMUEL,,,"claimDate, operatingFlightNumber"
UPDATE,601858913,240705,1762301505694,,,2026-09-15,2026-09-15,,,D,D,A3,A3,512,512,HKG,HKG,YVR,YVR,VICTOR,VICTOR,SAMUEL,SAMUEL,,,"claimDate, operatingFlightNumber"
UPDATE,601858913,241003,1762301505693,,,2026-09-15,2026-09-15,,,D,D,A3,A3,512,512,HKG,HKG,YVR,YVR,VICTOR,VICTOR,SAMUEL,SAMUEL,,,"claimDate, operatingFlightNumber"
UPDATE,601858913,241004,1762301505695,,,2026-09-15,2026-09-15,2026-09-16,2026-09-16,R,R,A3,A3,00512,512,HKG,HKG,YVR,YVR,VICTOR SAMUEL,VICTOR SAMUEL,SAMUEL,SAMUEL,,,"claimDate, confirmDate, operatingFlightNumber"
UPDATE,601858921,241001,1762301505687,,,2026-09-15,2026-09-15,,,D,D,A3,A3,512,512,HKG,HKG,YVR,YVR,GUEVIN,GUEVIN,MANON,MANON,,,"claimDate, operatingFlightNumber"
UPDATE,601858947,241533,0142125100308,,,2026-10-02,2026-10-02,2026-10-02,2026-10-02,R,R,UA,UA,568,568,YYZ,YYZ,DEN,DEN,AVGOUSTIS FENNY,AVGOUSTIS FENNY,VICTORIA,VICTORIA,,,"claimDate, confirmDate, operatingFlightNumber"
UPDATE,601864721,241429,0142127943608,,,2026-10-01,2026-10-01,2026-10-01,2026-10-01,P,P,AC,AC,103,103,YYZ,YYZ,YVR,YVR,Popey,Popey,Breton,Breton,P,P,"claimDate, confirmDate, operatingFlightNumber"
UPDATE,601866213,240725,0141163900014,,,2026-09-21,2026-09-21,2026-09-21,2026-09-21,P,P,EK,EK,402,402,YYZ,YYZ,YUL,YUL,ISABELLA,ISABELLA,MORETTI,MORETTI,P,P,"claimDate, confirmDate, operatingFlightNumber"
UPDATE,601869324,240015,0142391607121,,,2026-08-11,2026-08-11,,,D,D,A3,A3,100,100,FRA,FRA,YUL,YUL,Gigal,Gigal,Gigy,Gigy,,,"claimDate, operatingFlightNumber"
UPDATE,601869324,240201,0142491607121,,,2026-08-12,2026-08-12,,,D,D,A3,A3,100,100,DEN,DEN,YUL,YUL,Gigal,Gigal,Gigy,Gigy,,,"claimDate, operatingFlightNumber"
UPDATE,601869324,240203,0142936636232,,,2026-08-13,2026-08-13,,,D,D,A3,A3,204,204,ORD,ORD,YUL,YUL,Gigal,Gigal,Gigy,Gigy,,,"claimDate, operatingFlightNumber"
UPDATE,601869324,240214,0142124872810,,,2026-08-31,2026-08-31,2026-08-31,2026-08-31,P,P,AC,AC,103,103,YYZ,YYZ,YVR,YVR,Gigal,Gigal,Gigy,Gigy,P,P,"claimDate, confirmDate, operatingFlightNumber"
UPDATE,601869324,240215,0142124872837,,,2026-08-31,2026-08-31,2026-08-31,2026-08-31,P,P,AC,AC,116,116,YVR,YVR,YYZ,YYZ,Gigal,Gigal,Gigy,Gigy,P,P,"claimDate, confirmDate, operatingFlightNumber"
UPDATE,601869324,240303,0142847627121,,,2026-08-12,2026-08-12,,,D,D,A3,A3,204,204,ORD,ORD,YUL,YUL,Gigal,Gigal,Gigy,Gigy,,,"claimDate, operatingFlightNumber"
UPDATE,601869324,241023,0149257909030,,,2026-09-21,2026-09-21,2026-09-21,2026-09-21,R,R,UA,UA,1236,1236,YYZ,YYZ,LHR,LHR,Poyce,Poyce,Mosciski,Mosciski,,,"claimDate, confirmDate, operatingFlightNumber"
UPDATE,601869324,241430,2211633015,,,2026-10-05,2026-10-05,,,D,D,A3,A3,367,367,YVR,YVR,YYZ,YYZ,GIGAL,GIGAL,Gigy,Gigy,,,"claimDate, operatingFlightNumber"
UPDATE,601869324,241510,0143410694168,,,2026-09-24,2026-09-24,,,D,D,CX,CX,190,190,YVR,YVR,YUL,YUL,Gigal,Gigal,Gigy,Gigy,,,"claimDate, operatingFlightNumber"
UPDATE,601869324,241512,0144513694568,,,2026-09-24,2026-09-24,,,D,D,EK,EK,190,190,YVR,YVR,YUL,YUL,Gigal,Gigal,Gigy,Gigy,,,"claimDate, operatingFlightNumber"
UPDATE,601869332,239710,0142124697888,,,2026-07-28,2026-07-28,2026-07-28,2026-07-28,R,R,CM,CM,485,485,YVR,YVR,MIA,MIA,Rache,Rache,Flex,Flex,,,"claimDate, confirmDate, operatingFlightNumber"
UPDATE,601869332,239720,0142124723847,,,2026-08-03,2026-08-03,,,D,D,UA,UA,640,640,YVR,YVR,DEN,DEN,Rache,Rache,Flex,Flex,,,"claimDate, operatingFlightNumber"
UPDATE,601869332,239810,0142124723847,,,2026-07-29,2026-07-29,2026-07-29,2026-07-29,R,R,UA,UA,640,640,YYZ,YYZ,DEN,DEN,Rache,Rache,Flex,Flex,,,"claimDate, confirmDate, operatingFlightNumber"
UPDATE,601869332,239812,0142124723847,,,2026-07-30,2026-07-30,2026-07-30,2026-07-30,P,P,UA,UA,00640,640,YYZ,YYZ,DEN,DEN,Rache,Rache,Flex,Flex,P,P,"claimDate, confirmDate, operatingFlightNumber"
UPDATE,601869332,239832,0142124751803,,,2026-08-04,2026-08-04,2026-08-04,2026-08-04,P,P,AC,AC,100,100,YVR,YVR,YYZ,YYZ,Rache,Rache,Flex,Flex,P,P,"claimDate, confirmDate, operatingFlightNumber"
UPDATE,601869332,240301,0142409607121,,,2026-08-12,2026-08-12,,,D,D,A3,A3,100,100,DEN,DEN,YUL,YUL,Rache,Rache,Flex,Flex,,,"claimDate, operatingFlightNumber"
UPDATE,601869332,240302,0142737627121,,,2026-08-12,2026-08-12,,,D,D,A3,A3,204,204,ORD,ORD,YUL,YUL,Rache,Rache,Flex,Flex,,,"claimDate, operatingFlightNumber"
UPDATE,601869332,240407,0152124903546,,,2026-09-07,2026-09-07,2026-09-07,2026-09-07,R,R,UA,UA,1236,1236,YVR,YVR,DEN,DEN,RACHE RACHE,RACHE RACHE,Rache,Rache,,,"claimDate, confirmDate, operatingFlightNumber"
UPDATE,601869332,241415,0146534891568,,,2026-09-24,2026-09-24,,,D,D,EK,EK,340,340,YVR,YVR,DEN,DEN,Rache,Rache,Flex,Flex,,,"claimDate, operatingFlightNumber"
UPDATE,601869332,241521,0272658769468,,,2026-09-25,2026-09-25,,,D,D,CX,CX,101,101,YVR,YVR,YYZ,YYZ,RACHE,RACHE,Flex,Flex,,,"claimDate, operatingFlightNumber"
UPDATE,601869340,239208,0143892423150,,,2026-06-30,2026-06-30,,,D,D,UA,UA,967,967,YUL,YUL,DEN,DEN,Flex,Flex,Breton,Breton,,,"claimDate, operatingFlightNumber"
UPDATE,601869340,239833,0143426619410,,,2026-08-04,2026-08-04,2026-08-04,2026-08-04,R,R,UA,UA,640,640,FRA,FRA,YUL,YUL,Flex,Flex,Breton,Breton,,,"claimDate, confirmDate, operatingFlightNumber"
UPDATE,601869340,240206,0142124847466,,,2026-08-24,2026-08-24,2026-08-24,2026-08-24,R,R,CM,CM,440,440,MIA,MIA,PTY,PTY,Flex,Flex,Breton,Breton,,,"claimDate, confirmDate, operatingFlightNumber"
UPDATE,601869340,240207,0992212484747,,,2026-08-24,2026-08-24,2026-08-24,2026-08-24,R,R,CM,CM,991,991,YYZ,YYZ,YVR,YVR,FLEX BRETON,FLEX BRETON,Breton,Breton,,,"claimDate, confirmDate, operatingFlightNumber"
UPDATE,601869340,240304,0142936747343,,,2026-08-13,2026-08-13,,,D,D,A3,A3,204,204,ORD,ORD,YUL,YUL,Flex,Flex,Breton,Breton,,,"claimDate, operatingFlightNumber"
UPDATE,601869340,240310,0142124847466,,,2026-08-24,2026-08-24,2026-08-24,2026-08-24,R,R,CM,CM,440,440,MIA,MIA,PTY,PTY,Flex,Flex,Breton,Breton,,,"claimDate, confirmDate, operatingFlightNumber"
UPDATE,601869340,240503,0162324104546,,,2026-09-07,2026-09-07,2026-09-07,2026-09-07,R,R,LH,LH,106,106,YVR,YVR,FRA,FRA,FLEX BRETON,FLEX BRETON,Breton,Breton,,,"claimDate, confirmDate, operatingFlightNumber"
UPDATE,601869340,241513,0146032801468,,,2026-09-24,2026-09-24,,,D,D,EK,EK,340,340,YVR,YVR,DEN,DEN,Flex,Flex,Breton,Breton,,,"claimDate, operatingFlightNumber"
UPDATE,601869357,240012,0142124752691,,,2026-08-10,2026-08-10,2026-08-10,2026-08-10,R,R,CM,CM,323,323,PTY,PTY,MIA,MIA,Kumar,Kumar,Breton,Breton,,,"claimDate, confirmDate, operatingFlightNumber"
UPDATE,601869357,240408,0172721403546,,,2026-09-07,2026-09-07,2026-09-07,2026-09-07,R,R,CM,CM,453,453,MIA,MIA,PTY,PTY,KUMAR BRETON,KUMAR BRETON,Breton,Breton,,,"claimDate, confirmDate, operatingFlightNumber"
UPDATE,601869357,241514,0146912731468,,,2026-09-24,2026-09-24,,,D,D,EK,EK,340,340,YVR,YVR,DEN,DEN,Kumar,Kumar,Breton,Breton,,,"claimDate, operatingFlightNumber"
UPDATE,601869357,241522,0372658769468,,,2026-09-25,2026-09-25,,,D,D,CX,CX,453,453,YVR,YVR,YYZ,YYZ,KUMAR,KUMAR,Breton,Breton,,,"claimDate, operatingFlightNumber"
UPDATE,601869357,241527,0252586987943,,,2026-09-28,2026-09-28,,,D,D,EK,EK,678,678,YVR,YVR,DEN,DEN,KUMAR,KUMAR,Breton,Breton,,,"claimDate, operatingFlightNumber"
UPDATE,601869357,241529,0142125099982,,,2026-09-30,2026-09-30,2026-09-30,2026-09-30,P,P,AC,AC,114,114,YVR,YVR,YYZ,YYZ,Kumar,Kumar,Breton,Breton,P,P,"claimDate, confirmDate, operatingFlightNumber"
UPDATE,601869365,239316,0147165374272,,,2026-06-30,2026-06-30,,,D,D,UA,UA,967,967,YUL,YUL,DEN,DEN,Poyce,Poyce,Mosciski,Mosciski,,,"claimDate, operatingFlightNumber"
UPDATE,601869365,239714,0142124724177,,,2026-07-30,2026-07-30,2026-07-30,2026-07-30,R,R,UA,UA,640,640,YVR,YVR,DEN,DEN,Poyce,Poyce,Mosciski,Mosciski,,,"claimDate, confirmDate, operatingFlightNumber"
UPDATE,601869365,239719,0142124724358,,,2026-08-03,2026-08-03,2026-08-03,2026-08-03,R,R,UA,UA,640,640,YYZ,YYZ,DEN,DEN,Poyce,Poyce,Mosciski,Mosciski,,,"claimDate, confirmDate, operatingFlightNumber"
UPDATE,601869365,239721,0142124724358,,,2026-08-03,2026-08-03,2026-08-03,2026-08-03,P,P,UA,UA,640,640,YYZ,YYZ,DEN,DEN,Poyce,Poyce,Mosciski,Mosciski,P,P,"claimDate, confirmDate, operatingFlightNumber"
UPDATE,601869365,239722,0142124724358,,,2026-08-03,2026-08-03,2026-08-03,2026-08-03,R,R,UA,UA,1086,1086,DEN,DEN,YUL,YUL,Poyce,Poyce,Mosciski,Mosciski,,,"claimDate, confirmDate, operatingFlightNumber"
UPDATE,601869365,239813,0142124724016,,,2026-07-30,2026-07-30,2026-07-30,2026-07-30,R,R,LH,LH,492,492,FRA,FRA,YVR,YVR,Poyce,Poyce,Mosciski,Mosciski,,,"claimDate, confirmDate, operatingFlightNumber"
UPDATE,601869365,239814,0142124724016,,,2026-07-30,2026-07-30,2026-07-30,2026-07-30,R,R,LH,LH,493,493,YVR,YVR,FRA,FRA,Poyce,Poyce,Mosciski,Mosciski,,,"claimDate, confirmDate, operatingFlightNumber"
UPDATE,601869365,239815,0142124724016,,,2026-07-30,2026-07-30,2026-07-30,2026-07-30,R,R,LH,LH,492,492,FRA,FRA,YVR,YVR,Poyce,Poyce,Mosciski,Mosciski,,,"claimDate, confirmDate, operatingFlightNumber"
UPDATE,601869365,239816,0142124724053,,,2026-07-30,2026-07-30,2026-07-30,2026-07-30,R,R,CM,CM,226,226,PTY,PTY,MIA,MIA,Poyce,Poyce,Mosciski,Mosciski,,,"claimDate, confirmDate, operatingFlightNumber"
UPDATE,601869365,239903,0142124752299,,,2026-08-06,2026-08-06,2026-08-06,2026-08-06,R,R,LH,LH,470,470,FRA,FRA,YYZ,YYZ,Poyce,Poyce,Mosciski,Mosciski,,,"claimDate, confirmDate, operatingFlightNumber"
UPDATE,601869365,239904,0142124752299,,,2026-08-06,2026-08-06,2026-08-06,2026-08-06,R,R,LH,LH,470,470,FRA,FRA,YYZ,YYZ,Poyce,Poyce,Mosciski,Mosciski,,,"claimDate, confirmDate, operatingFlightNumber"
UPDATE,601869365,240208,0162045348265,,,2026-08-25,2026-08-25,2026-08-25,2026-08-25,R,R,UA,UA,1803,1803,ORD,ORD,DEN,DEN,POYCE MOSCISKI,POYCE MOSCISKI,Mosciski,Mosciski,,,"claimDate, confirmDate, operatingFlightNumber"
UPDATE,601869365,240209,0162156348265,,,2026-08-25,2026-08-25,2026-08-25,2026-08-25,R,R,UA,UA,1246,1246,YYZ,YYZ,DEN,DEN,POYCE MOSCISKI,POYCE MOSCISKI,Mosciski,Mosciski,,,"claimDate, confirmDate, operatingFlightNumber"
UPDATE,601869365,240210,0172256348265,,,2026-08-25,2026-08-25,2026-08-25,2026-08-25,P,P,A3,A3,346,346,FRA,FRA,YUL,YUL,POYCE,POYCE,Mosciski,Mosciski,P,P,"claimDate, confirmDate, operatingFlightNumber"
UPDATE,601869365,240211,0142258368365,,,2026-08-25,2026-08-25,,,D,D,A3,A3,107,107,YVR,YVR,YYJ,YYJ,Poyce,Poyce,Mosciski,Mosciski,,,"claimDate, operatingFlightNumber"
UPDATE,601869365,240212,0142358668681,,,2026-08-25,2026-08-25,,,D,D,EK,EK,305,305,YVR,YVR,DUB,DUB,Poyce,Poyce,Mosciski,Mosciski,,,"claimDate, operatingFlightNumber"
UPDATE,601869365,240311,0142125368365,,,2026-08-25,2026-08-25,2026-08-25,2026-08-25,R,R,UA,UA,107,107,YVR,YVR,YYJ,YYJ,Poyce,Poyce,Mosciski,Mosciski,,,"claimDate, confirmDate, operatingFlightNumber"
UPDATE,601869365,240312,0142389678681,,,2026-08-25,2026-08-25,2026-08-27,2026-08-27,P,P,A3,A3,305,305,YVR,YVR,DEN,DEN,Poyce,Poyce,Mosciski,Mosciski,P,P,"claimDate, confirmDate, operatingFlightNumber"
UPDATE,601869365,240317,0142124872494,,,2026-08-27,2026-08-27,2026-08-27,2026-08-27,R,R,UA,UA,2085,2085,YVR,YVR,DEN,DEN,Poyce,Poyce,Mosciski,Mosciski,,,"claimDate, confirmDate, operatingFlightNumber"
UPDATE,601869365,240318,0142124872494,,,2026-08-27,2026-08-27,2026-08-27,2026-08-27,R,R,UA,UA,2085,2085,YVR,YVR,DEN,DEN,Poyce,Poyce,Mosciski,Mosciski,,,"claimDate, confirmDate, operatingFlightNumber"
UPDATE,601869365,240501,0142124903546,,,2026-09-07,2026-09-07,2026-09-07,2026-09-07,P,P,AC,AC,302,302,YVR,YVR,YUL,YUL,POYCE,POYCE,MOSCISKI,MOSCISKI,P,P,"claimDate, confirmDate, operatingFlightNumber"
UPDATE,601869365,240502,0192124903546,,,2026-09-07,2026-09-07,2026-09-07,2026-09-07,R,R,UA,UA,302,302,YVR,YVR,DEN,DEN,POYCE MOSCISKI,POYCE MOSCISKI,MOSCISKI,MOSCISKI,,,"claimDate, confirmDate, operatingFlightNumber"
UPDATE,601869365,240504,0172725493426,,,2026-09-07,2026-09-07,2026-09-07,2026-09-07,R,R,CM,CM,453,453,MIA,MIA,PTY,PTY,POYCE MOSCISKI,POYCE MOSCISKI,Mosciski,Mosciski,,,"claimDate, confirmDate, operatingFlightNumber"
UPDATE,601869365,241407,0143957909030,,,2026-09-24,2026-09-24,,,D,D,A3,A3,1236,1236,YYZ,YYZ,LHR,LHR,Poyce,Poyce,Mosciski,Mosciski,,,"claimDate, operatingFlightNumber"
UPDATE,601869365,241412,0143749682910,,,2026-09-24,2026-09-24,2026-09-24,2026-09-24,R,R,UA,UA,101,101,YVR,YVR,YUL,YUL,Poyce,Poyce,Mosciski,Mosciski,,,"claimDate, confirmDate, operatingFlightNumber"
UPDATE,601869365,241502,0183557909030,,,2026-09-24,2026-09-24,,,D,D,A3,A3,126,126,YYZ,YYZ,YVR,YVR,POYCE,POYCE,Mosciski,Mosciski,,,"claimDate, operatingFlightNumber"
UPDATE,601869365,241507,0143749682763,,,2026-09-24,2026-09-24,,,D,D,CX,CX,101,101,YVR,YVR,YUL,YUL,Poyce,Poyce,Mosciski,Mosciski,,,"claimDate, operatingFlightNumber"
UPDATE,601869365,241509,0143749683192,,,2026-09-24,2026-09-24,,,D,D,A3,A3,190,190,YVR,YVR,YUL,YUL,Poyce,Poyce,Mosciski,Mosciski,,,"claimDate, operatingFlightNumber"
UPDATE,601869365,241511,0143057909132,,,2026-09-24,2026-09-24,,,D,D,A3,A3,109,109,YYZ,YYZ,YVR,YVR,Poyce,Poyce,Mosciski,Mosciski,,,"claimDate, operatingFlightNumber"
UPDATE,601869373,239321,0142124573342,,,2026-07-02,2026-07-02,,,D,D,UA,UA,640,640,YVR,YVR,DEN,DEN,Erick,Erick,Poyce,Poyce,,,"claimDate, operatingFlightNumber"
UPDATE,601869373,239702,0142124677092,,,2026-07-22,2026-07-22,2026-07-22,2026-07-22,R,R,CM,CM,481,481,MIA,MIA,PTY,PTY,Erick,Erick,Poyce,Poyce,,,"claimDate, confirmDate, operatingFlightNumber"
UPDATE,601869373,239705,0142124677092,,,2026-07-23,2026-07-23,2026-07-23,2026-07-23,R,R,CM,CM,481,481,MIA,MIA,PTY,PTY,Erick,Erick,Poyce,Poyce,,,"claimDate, confirmDate, operatingFlightNumber"
UPDATE,601869373,239706,0142124677092,,,2026-07-23,2026-07-23,2026-07-23,2026-07-23,R,R,CM,CM,481,481,MIA,MIA,PTY,PTY,Erick,Erick,Poyce,Poyce,,,"claimDate, confirmDate, operatingFlightNumber"
UPDATE,601869373,239707,0142124677092,,,2026-07-23,2026-07-23,2026-07-23,2026-07-23,R,R,CM,CM,481,481,MIA,MIA,PTY,PTY,Erick,Erick,Poyce,Poyce,,,"claimDate, confirmDate, operatingFlightNumber"
UPDATE,601869373,239803,0142124677092,,,2026-07-23,2026-07-23,2026-07-23,2026-07-23,R,R,CM,CM,481,481,MIA,MIA,PTY,PTY,Erick,Erick,Poyce,Poyce,,,"claimDate, confirmDate, operatingFlightNumber"
UPDATE,601869373,239804,0142124677092,,,2026-07-23,2026-07-23,2026-07-23,2026-07-23,R,R,CM,CM,481,481,MIA,MIA,PTY,PTY,Erick,Erick,Poyce,Poyce,,,"claimDate, confirmDate, operatingFlightNumber"
UPDATE,601869373,239817,0142124724058,,,2026-07-30,2026-07-30,2026-07-30,2026-07-30,P,P,UA,UA,640,640,YVR,YVR,DEN,DEN,Erick,Erick,Poyce,Poyce,P,P,"claimDate, confirmDate, operatingFlightNumber"
UPDATE,601869373,239902,0142124752172,,,2026-08-05,2026-08-05,2026-08-05,2026-08-05,P,P,AC,AC,306,306,YVR,YVR,YUL,YUL,Erick,Erick,Poyce,Poyce,P,P,"claimDate, confirmDate, operatingFlightNumber"
UPDATE,601869373,240004,0142832868093,,,2026-08-06,2026-08-06,,,D,D,A3,A3,345,345,DEN,DEN,YUL,YUL,Erick,Erick,Poyce,Poyce,,,"claimDate, operatingFlightNumber"
UPDATE,601869373,240005,0142832868093,,,2026-08-07,2026-08-07,2026-08-07,2026-08-07,R,R,A3,A3,345,345,DEN,DEN,YUL,YUL,Erick,Erick,Poyce,Poyce,,,"claimDate, confirmDate, operatingFlightNumber"
UPDATE,601869373,240006,0142794868093,,,2026-08-07,2026-08-07,,,D,D,A3,A3,345,345,DEN,DEN,YUL,YUL,Erick,Erick,Poyce,Poyce,,,"claimDate, operatingFlightNumber"
UPDATE,601869373,240007,0142689917293,,,2026-08-07,2026-08-07,,,D,D,A3,A3,345,345,FRA,FRA,YUL,YUL,Erick,Erick,Poyce,Poyce,,,"claimDate, operatingFlightNumber"
UPDATE,601869373,240013,0142094591896,,,2026-08-10,2026-08-10,2026-08-10,2026-08-10,R,R,MS,MS,345,345,FRA,FRA,YUL,YUL,Erick,Erick,Poyce,Poyce,,,"claimDate, confirmDate, operatingFlightNumber"
UPDATE,601869373,240014,0142294417296,,,2026-08-11,2026-08-11,,,D,D,A3,A3,345,345,FRA,FRA,YUL,YUL,Erick,Erick,Poyce,Poyce,,,"claimDate, operatingFlightNumber"
UPDATE,601869373,240103,0143130461896,,,2026-08-10,2026-08-10,,,D,D,A3,A3,345,345,FRA,FRA,YUL,YUL,Erick,Erick,Poyce,Poyce,,,"claimDate, operatingFlightNumber"
UPDATE,601869373,240104,0142950691896,,,2026-08-10,2026-08-10,2026-08-10,2026-08-10,R,R,MS,MS,100,100,FRA,FRA,YUL,YUL,Erick,Erick,Poyce,Poyce,,,"claimDate, confirmDate, operatingFlightNumber"
UPDATE,601869373,240105,0142094591896,,,2026-08-10,2026-08-10,2026-08-10,2026-08-10,R,R,MS,MS,345,345,FRA,FRA,YUL,YUL,Erick,Erick,Poyce,Poyce,,,"claimDate, confirmDate, operatingFlightNumber"
UPDATE,601869373,240106,0142094591896,,,2026-08-10,2026-08-10,2026-08-10,2026-08-10,R,R,MS,MS,345,345,FRA,FRA,YUL,YUL,Erick,Erick,Poyce,Poyce,,,"claimDate, confirmDate, operatingFlightNumber"
UPDATE,601869373,240308,0142124813858,,,2026-08-18,2026-08-18,2026-08-18,2026-08-18,P,P,AC,AC,304,304,YVR,YVR,YUL,YUL,Erick,Erick,Poyce,Poyce,P,P,"claimDate, confirmDate, operatingFlightNumber"
UPDATE,601869373,240409,0172723591428,,,2026-09-07,2026-09-07,2026-09-07,2026-09-07,R,R,UA,UA,453,453,YUL,YUL,MUC,MUC,ERICK POYCE,ERICK POYCE,Poyce,Poyce,,,"claimDate, confirmDate, operatingFlightNumber"
UPDATE,601869373,241021,0142124951843,,,2026-09-20,2026-09-20,2026-09-20,2026-09-20,P,P,AC,AC,123,123,YYZ,YYZ,YVR,YVR,ERICK,ERICK,POYCE,POYCE,P,P,"claimDate, confirmDate, operatingFlightNumber"
UPDATE,601869373,241413,0143057909133,,,2026-09-24,2026-09-24,,,D,D,A3,A3,109,109,YYZ,YYZ,YVR,YVR,Erick,Erick,Poyce,Poyce,,,"claimDate, operatingFlightNumber"
UPDATE,601869373,241423,0272124981943,,,2026-09-28,2026-09-28,,,D,D,CX,CX,398,398,YVR,YVR,DEN,DEN,ERICK,ERICK,POYCE,POYCE,,,"claimDate, operatingFlightNumber"
UPDATE,601869373,241525,0272124991843,,,2026-09-28,2026-09-28,,,D,D,CX,CX,123,123,YYZ,YYZ,YVR,YVR,ERICK,ERICK,POYCE,POYCE,,,"claimDate, operatingFlightNumber"
UPDATE,601869373,241534,0142124737427,,,2026-10-05,2026-10-05,2026-10-05,2026-10-05,R,R,AC,AC,103,103,YYZ,YYZ,YVR,YVR,ERICK,ERICK,POYCE,POYCE,,,"claimDate, confirmDate, operatingFlightNumber"
UPDATE,601869381,240102,0142298346191,,,2026-08-07,2026-08-07,2026-08-07,2026-08-07,R,R,A3,A3,400,400,FRA,FRA,YUL,YUL,Erick,Erick,Poyce,Poyce,,,"claimDate, confirmDate, operatingFlightNumber"
UPDATE,601869381,240410,2206789875789,,,2026-09-08,2026-09-08,2026-09-08,2026-09-08,R,R,UA,UA,987,987,YYZ,YYZ,DEN,DEN,VETRI MACGYVER,VETRI MACGYVER,MacGyver,MacGyver,,,"claimDate, confirmDate, operatingFlightNumber"
UPDATE,601869381,240419,0142124903749,,,2026-09-10,2026-09-10,2026-09-10,2026-09-10,P,P,AC,AC,112,112,YVR,YVR,YYZ,YYZ,HARUNA,HARUNA,ALISON,ALISON,P,P,"claimDate, confirmDate, operatingFlightNumber"
UPDATE,601869381,241424,0142978593846,,,2026-09-28,2026-09-28,,,D,D,A3,A3,541,541,YVR,YVR,DEN,DEN,Vetri,Vetri,MacGyver,MacGyver,,,"claimDate, operatingFlightNumber"
UPDATE,601869381,241520,0142124973685,,,2026-09-25,2026-09-25,2026-09-25,2026-09-25,P,P,AC,AC,109,109,YYZ,YYZ,YVR,YVR,Vetri,Vetri,MacGyver,MacGyver,P,P,"claimDate, confirmDate, operatingFlightNumber"
UPDATE,601869399,239214,0142378618197,,,2026-07-13,2026-07-13,2026-07-13,2026-07-13,P,P,UA,UA,640,640,YVR,YVR,DEN,DEN,Hoverd,Hoverd,Howe,Howe,P,P,"claimDate, confirmDate, operatingFlightNumber"
UPDATE,601869399,239319,0982326575031,,,2026-07-02,2026-07-02,,,S,S,CX,CX,640,640,YUL,YUL,YVR,YVR,HOVERD,HOVERD,Howe,Howe,,,"claimDate, operatingFlightNumber"
UPDATE,601869399,239501,0142378235259,,,2026-07-17,2026-07-17,,,D,D,UA,UA,640,640,YVR,YVR,DEN,DEN,Hoverd,Hoverd,Howe,Howe,,,"claimDate, operatingFlightNumber"
UPDATE,601869399,239701,0142124677081,,,2026-07-22,2026-07-22,2026-07-22,2026-07-22,R,R,CM,CM,481,481,MIA,MIA,PTY,PTY,Hoverd,Hoverd,Howe,Howe,,,"claimDate, confirmDate, operatingFlightNumber"
UPDATE,601869399,239704,0142124677081,,,2026-07-22,2026-07-22,2026-07-22,2026-07-22,R,R,CM,CM,481,481,MIA,MIA,PTY,PTY,Hoverd,Hoverd,Howe,Howe,,,"claimDate, confirmDate, operatingFlightNumber"
UPDATE,601869399,239712,0142124724074,,,2026-07-30,2026-07-30,2026-07-30,2026-07-30,P,P,UA,UA,2085,2085,YYZ,YYZ,DEN,DEN,Hoverd,Hoverd,Howe,Howe,P,P,"claimDate, confirmDate, operatingFlightNumber"
UPDATE,601869399,239820,0142124724178,,,2026-07-30,2026-07-30,2026-07-30,2026-07-30,P,P,UA,UA,182,182,DEN,DEN,YUL,YUL,Hoverd,Hoverd,Howe,Howe,P,P,"claimDate, confirmDate, operatingFlightNumber"
UPDATE,601869399,239909,0142539887093,,,2026-08-06,2026-08-06,,,D,D,A3,A3,567,567,FRA,FRA,YUL,YUL,Hoverd,Hoverd,Howe,Howe,,,"claimDate, operatingFlightNumber"
UPDATE,601869399,240411,2206389841769,,,2026-09-08,2026-09-08,2026-09-08,2026-09-08,R,R,UA,UA,987,987,YUL,YUL,DEN,DEN,HOVERD HOWE,HOVERD HOWE,Howe,Howe,,,"claimDate, confirmDate, operatingFlightNumber"
UPDATE,601869399,241417,0146452869468,,,2026-09-24,2026-09-24,,,D,D,EK,EK,340,340,YVR,YVR,DEN,DEN,Hoverd,Hoverd,Howe,Howe,,,"claimDate, operatingFlightNumber"
UPDATE,601869399,241426,0142125099706,,,2026-09-29,2026-09-29,2026-09-29,2026-09-29,R,R,UA,UA,2470,2470,YVR,YVR,DEN,DEN,HOVERD,HOVERD,HOWE,HOWE,,,"claimDate, confirmDate, operatingFlightNumber"
UPDATE,601869399,241515,0142124979310,,,2026-09-24,2026-09-24,2026-09-24,2026-09-24,P,P,AC,AC,127,127,YYZ,YYZ,YVR,YVR,HOVERD,HOVERD,HOWE,HOWE,P,P,"claimDate, confirmDate, operatingFlightNumber"
UPDATE,601869399,241530,0142175993490,,,2026-10-01,2026-10-01,2026-10-01,2026-10-01,R,R,TG,TG,541,541,YVR,YVR,DEN,DEN,Hoverd,Hoverd,Howe,Howe,,,"claimDate, confirmDate, operatingFlightNumber"
UPDATE,601869407,239503,0142091652198,,,2026-07-21,2026-07-21,2026-07-21,2026-07-21,R,R,CM,CM,640,640,MIA,MIA,DEN,DEN,Stuart,Stuart,Wehner,Wehner,,,"claimDate, confirmDate, operatingFlightNumber"
UPDATE,601869407,239504,0142091652198,,,2026-07-21,2026-07-21,2026-07-21,2026-07-21,R,R,CM,CM,640,640,MIA,MIA,DEN,DEN,Stuart,Stuart,Wehner,Wehner,,,"claimDate, confirmDate, operatingFlightNumber"
UPDATE,601869407,239505,0142091652198,,,2026-07-21,2026-07-21,2026-07-21,2026-07-21,R,R,CM,CM,640,640,MIA,MIA,DEN,DEN,Stuart,Stuart,Wehner,Wehner,,,"claimDate, confirmDate, operatingFlightNumber"
UPDATE,601869407,239603,0142091652198,,,2026-07-21,2026-07-21,2026-07-21,2026-07-21,R,R,CM,CM,640,640,MIA,MIA,DEN,DEN,Stuart,Stuart,Wehner,Wehner,,,"claimDate, confirmDate, operatingFlightNumber"
UPDATE,601869407,239713,0142124724110,,,2026-07-30,2026-07-30,2026-07-30,2026-07-30,R,R,LH,LH,478,478,FRA,FRA,YUL,YUL,Stuart,Stuart,Wehner,Wehner,,,"claimDate, confirmDate, operatingFlightNumber"
UPDATE,601869407,239905,0142209953890,,,2026-08-06,2026-08-06,2026-08-06,2026-08-06,R,R,UA,UA,640,640,FRA,FRA,YUL,YUL,Stuart,Stuart,Wehner,Wehner,,,"claimDate, confirmDate, operatingFlightNumber"
UPDATE,601869407,239906,0142210973992,,,2026-08-06,2026-08-06,,,D,D,EK,EK,640,640,FRA,FRA,YUL,YUL,Stuart,Stuart,Wehner,Wehner,,,"claimDate, operatingFlightNumber"
UPDATE,601869407,239907,0142219984992,,,2026-08-06,2026-08-06,,,D,D,EK,EK,567,567,FRA,FRA,YUL,YUL,Stuart,Stuart,Wehner,Wehner,,,"claimDate, operatingFlightNumber"
UPDATE,601869407,239908,0142249884992,,,2026-08-06,2026-08-06,,,D,D,A3,A3,567,567,FRA,FRA,YUL,YUL,Stuart,Stuart,Wehner,Wehner,,,"claimDate, operatingFlightNumber"
UPDATE,601869407,240002,0142124752335,,,2026-08-06,2026-08-06,2026-08-06,2026-08-06,R,R,UA,UA,1236,1236,YUL,YUL,DEN,DEN,Stuart,Stuart,Wehner,Wehner,,,"claimDate, confirmDate, operatingFlightNumber"
UPDATE,601869407,240003,0142124752335,,,2026-08-06,2026-08-06,2026-08-06,2026-08-06,R,R,UA,UA,1236,1236,YVR,YVR,DEN,DEN,Stuart,Stuart,Wehner,Wehner,,,"claimDate, confirmDate, operatingFlightNumber"
UPDATE,601869407,240505,0191392841769,,,2026-09-08,2026-09-08,2026-09-08,2026-09-08,R,R,UA,UA,987,987,YUL,YUL,DEN,DEN,STUART WEHNER,STUART WEHNER,Wehner,Wehner,,,"claimDate, confirmDate, operatingFlightNumber"
UPDATE,601869415,239322,0142124613793,,,2026-07-10,2026-07-10,2026-07-10,2026-07-10,R,R,CM,CM,485,485,PTY,PTY,MIA,MIA,James,James,Thompson,Thompson,,,"claimDate, confirmDate, operatingFlightNumber"
UPDATE,601869415,239323,0142124613793,,,2026-07-10,2026-07-10,2026-07-13,2026-07-13,P,P,CM,CM,485,485,PTY,PTY,MIA,MIA,James,James,Thompson,Thompson,P,P,"claimDate, confirmDate, operatingFlightNumber"
UPDATE,601869415,239703,0142124676259,,,2026-07-22,2026-07-22,2026-07-22,2026-07-22,P,P,AC,AC,422,422,YYZ,YYZ,YUL,YUL,JAME,JAME,THOMPSON,THOMPSON,P,P,"claimDate, confirmDate, operatingFlightNumber"
UPDATE,601869415,239716,0142124724187,,,2026-07-30,2026-07-30,2026-07-30,2026-07-30,R,R,CM,CM,240,240,PTY,PTY,MIA,MIA,James,James,Thompson,Thompson,,,"claimDate, confirmDate, operatingFlightNumber"
UPDATE,601869415,239717,0142124724192,,,2026-07-30,2026-07-30,2026-07-30,2026-07-30,R,R,CM,CM,240,240,PTY,PTY,MIA,MIA,James,James,Thompson,Thompson,,,"claimDate, confirmDate, operatingFlightNumber"
UPDATE,601869415,239718,0142124724192,,,2026-07-31,2026-07-31,2026-07-31,2026-07-31,R,R,CM,CM,240,240,PTY,PTY,MIA,MIA,James,James,Thompson,Thompson,,,"claimDate, confirmDate, operatingFlightNumber"
UPDATE,601869415,239801,0142124676248,,,2026-07-22,2026-07-22,2026-07-22,2026-07-22,P,P,AC,AC,488,488,YYZ,YYZ,YUL,YUL,JAMES,JAMES,THOMPSON,THOMPSON,P,P,"claimDate, confirmDate, operatingFlightNumber"
UPDATE,601869415,239822,0142124724181,,,2026-07-30,2026-07-30,,,D,D,LH,LH,128,128,FRA,FRA,MUC,MUC,James,James,Thompson,Thompson,,,"claimDate, operatingFlightNumber"
UPDATE,601869415,239823,0142124724187,,,2026-07-30,2026-07-30,2026-07-30,2026-07-30,R,R,CM,CM,240,240,PTY,PTY,MIA,MIA,James,James,Thompson,Thompson,,,"claimDate, confirmDate, operatingFlightNumber"
UPDATE,601869415,240325,0142132865742,,,2026-08-31,2026-08-31,,,D,D,EK,EK,420,420,YVR,YVR,YUL,YUL,James,James,Thompson,Thompson,,,"claimDate, operatingFlightNumber"
UPDATE,601869415,240326,0142132865743,,,2026-08-31,2026-08-31,,,D,D,EK,EK,420,420,YVR,YVR,YUL,YUL,James,James,Thompson,Thompson,,,"claimDate, operatingFlightNumber"
UPDATE,601869415,240327,0142132865744,,,2026-08-31,2026-08-31,,,D,D,A3,A3,420,420,YVR,YVR,YUL,YUL,James,James,Thompson,Thompson,,,"claimDate, operatingFlightNumber"
UPDATE,601869415,240412,0183292841769,,,2026-09-08,2026-09-08,2026-09-08,2026-09-08,R,R,UA,UA,987,987,YUL,YUL,DEN,DEN,JAMES THOMPSON,JAMES THOMPSON,Thompson,Thompson,,,"claimDate, confirmDate, operatingFlightNumber"
UPDATE,601869415,240506,0142124903755,,,2026-09-08,2026-09-08,2026-09-08,2026-09-08,P,P,AC,AC,424,424,YYZ,YYZ,YUL,YUL,James,James,Thompson,Thompson,P,P,"claimDate, confirmDate, operatingFlightNumber"
UPDATE,601869415,240601,0172391735698,,,2026-09-09,2026-09-09,,,D,D,A3,A3,453,453,HKG,HKG,YVR,YVR,JAMES,JAMES,Thompson,Thompson,,,"claimDate, operatingFlightNumber"
UPDATE,601869415,241422,0142758973849,,,2026-09-28,2026-09-28,,,D,D,A3,A3,432,432,YVR,YVR,DEN,DEN,James,James,Thompson,Thompson,,,"claimDate, operatingFlightNumber"
UPDATE,601869415,241523,0142124979523,,,2026-09-28,2026-09-28,2026-09-28,2026-09-28,P,P,AC,AC,119,119,YYZ,YYZ,YVR,YVR,JAMES,JAMES,THOMPSON,THOMPSON,P,P,"claimDate, confirmDate, operatingFlightNumber"
UPDATE,602035255,240204,0142124778829,,,2026-08-14,2026-08-14,,,D,D,LH,LH,402,402,FRA,FRA,EWR,EWR,NIHAL,NIHAL,YADAV,YADAV,,,"claimDate, operatingFlightNumber"
UPDATE,602035255,240306,0142124778724,,,2026-08-14,2026-08-14,2026-08-14,2026-08-14,P,P,AC,AC,407,407,YUL,YUL,YYZ,YYZ,NIHAL,NIHAL,YADAV,YADAV,P,P,"claimDate, confirmDate, operatingFlightNumber"
UPDATE,602076481,241517,0142124220525,,,2026-09-24,2026-09-24,2026-09-24,2026-09-24,P,P,AC,AC,404,404,YYZ,YYZ,YUL,YUL,SKYLER,SKYLER,JONES,JONES,P,P,"claimDate, confirmDate, operatingFlightNumber"
UPDATE,602076499,241516,0142124847797,,,2026-09-24,2026-09-24,2026-09-24,2026-09-24,P,P,AC,AC,838,838,YVR,YVR,FRA,FRA,GEORGE,GEORGE,DAVID,DAVID,P,P,"claimDate, confirmDate, operatingFlightNumber"
UPDATE,602076507,241416,0142124543566,,,2026-09-24,2026-09-24,2026-09-24,2026-09-24,P,P,AC,AC,839,839,FRA,FRA,YVR,YVR,TAYLOR,TAYLOR,JONES,JONES,P,P,"claimDate, confirmDate, operatingFlightNumber"
UPDATE,602215220,239215,0142121997999,,,2026-07-13,2026-07-13,2026-07-13,2026-07-13,P,P,AC,AC,870,870,YUL,YUL,CDG,CDG,RACHEL,RACHEL,KAPLAN,KAPLAN,P,P,"claimDate, confirmDate, operatingFlightNumber"
UPDATE,602216780,239324,0142125307911,,,2026-07-13,2026-07-13,2026-07-13,2026-07-13,P,P,AC,AC,870,870,YUL,YUL,CDG,CDG,Maye,Maye,Runolfsdottir,Runolfsdottir,P,P,"claimDate, confirmDate, operatingFlightNumber"
UPDATE,602222168,240218,0142132865733,,,2026-08-31,2026-08-31,,,D,D,EK,EK,420,420,YVR,YVR,YUL,YUL,Earth,Earth,Sand,Sand,,,"claimDate, operatingFlightNumber"
UPDATE,602222168,240219,0142132865735,,,2026-08-31,2026-08-31,,,D,D,EK,EK,420,420,YVR,YVR,YUL,YUL,Earth,Earth,Sand,Sand,,,"claimDate, operatingFlightNumber"
UPDATE,602222168,240222,0142132865737,,,2026-08-31,2026-08-31,,,D,D,EK,EK,420,420,YVR,YVR,YUL,YUL,Earth,Earth,Sand,Sand,,,"claimDate, operatingFlightNumber"
UPDATE,602222168,240223,0142132865738,,,2026-08-31,2026-08-31,,,D,D,EK,EK,420,420,YVR,YVR,YUL,YUL,Earth,Earth,Sand,Sand,,,"claimDate, operatingFlightNumber"
UPDATE,602222168,240224,0142132865740,,,2026-08-31,2026-08-31,,,D,D,EK,EK,420,420,YVR,YVR,YUL,YUL,Earth,Earth,Sand,Sand,,,"claimDate, operatingFlightNumber"
UPDATE,602222168,240225,0142132865741,,,2026-08-31,2026-08-31,,,D,D,EK,EK,420,420,YVR,YVR,YUL,YUL,Earth,Earth,Sand,Sand,,,"claimDate, operatingFlightNumber"
UPDATE,602222168,240319,0142132865734,,,2026-08-31,2026-08-31,,,D,D,EK,EK,420,420,YVR,YVR,YUL,YUL,Earth,Earth,Sand,Sand,,,"claimDate, operatingFlightNumber"
UPDATE,602222168,240320,0142132865736,,,2026-08-31,2026-08-31,,,D,D,EK,EK,420,420,YVR,YVR,YUL,YUL,Earth,Earth,Sand,Sand,,,"claimDate, operatingFlightNumber"
UPDATE,602222168,240322,0142132865737,,,2026-08-31,2026-08-31,,,D,D,EK,EK,420,420,YVR,YVR,YUL,YUL,Earth,Earth,Sand,Sand,,,"claimDate, operatingFlightNumber"
UPDATE,602222168,240324,0142132865739,,,2026-08-31,2026-08-31,,,D,D,EK,EK,420,420,YVR,YVR,YUL,YUL,Earth,Earth,Sand,Sand,,,"claimDate, operatingFlightNumber"
UPDATE,602222762,239602,0142121997999,,,2026-07-21,2026-07-21,2026-07-21,2026-07-21,P,P,AC,AC,870,870,YUL,YUL,CDG,CDG,RACHEL,RACHEL,KAPLAN,KAPLAN,P,P,"claimDate, confirmDate, operatingFlightNumber"
UPDATE,602227092,239818,0145806710208,,,2026-07-30,2026-07-30,2026-07-30,2026-07-30,P,P,AC,AC,867,867,LHR,LHR,YUL,YUL,AKANKSHA,AKANKSHA,KAKUMANI,KAKUMANI,P,P,"claimDate, confirmDate, operatingFlightNumber"
UPDATE,602227118,239819,0142329709466,,,2026-07-30,2026-07-30,2026-07-30,2026-07-30,P,P,AC,AC,880,880,YYZ,YYZ,ZRH,ZRH,AKANKSHA,AKANKSHA,KAKUMANI,KAKUMANI,P,P,"claimDate, confirmDate, operatingFlightNumber"
UPDATE,602227407,239901,0142124613831,,,2026-08-05,2026-08-05,2026-08-05,2026-08-05,P,P,AC,AC,178,178,YEG,YEG,YYZ,YYZ,TEST1,TEST1,UPDATE1,UPDATE1,P,P,"claimDate, confirmDate, operatingFlightNumber"
UPDATE,602227431,241401,0142124591552,,,2026-09-23,2026-09-23,2026-09-23,2026-09-23,P,P,AC,AC,345,345,YOW,YOW,YVR,YVR,GEORGE,GEORGE,JOHNSON,JOHNSON,P,P,"claimDate, confirmDate, operatingFlightNumber"
UPDATE,602227449,240742,0142124613852,,,2026-09-22,2026-09-22,2026-09-22,2026-09-22,P,P,AC,AC,129,129,YYZ,YYZ,YVR,YVR,ALICE,ALICE,JONES,JONES,P,P,"claimDate, confirmDate, operatingFlightNumber"
UPDATE,602228736,240227,0142124783878,,,2026-09-01,2026-09-01,2026-09-01,2026-09-01,P,P,AC,AC,123,123,YYZ,YYZ,YVR,YVR,TEST2,TEST2,UPDATE2,UPDATE2,P,P,"claimDate, confirmDate, operatingFlightNumber"
UPDATE,602229528,240001,0142124613842,,,2026-08-05,2026-08-05,2026-08-05,2026-08-05,P,P,AC,AC,407,407,YUL,YUL,YYZ,YYZ,AKANKSHA,AKANKSHA,KAKUMANI,KAKUMANI,P,P,"claimDate, confirmDate, operatingFlightNumber"
UPDATE,602234379,239715,0142121997999,,,2026-07-30,2026-07-30,2026-07-30,2026-07-30,P,P,AC,AC,870,870,YUL,YUL,CDG,CDG,bCP,bCP,YHRJPag,YHRJPag,P,P,"claimDate, confirmDate, operatingFlightNumber"
UPDATE,602234387,239821,0142117435985,,,2026-07-30,2026-07-30,2026-07-30,2026-07-30,P,P,VA,VA,770,770,PER,PER,BNE,BNE,HhP,HhP,HeDgUoI,HeDgUoI,P,P,"claimDate, confirmDate, operatingFlightNumber"
UPDATE,602236846,239725,0146032329846,,,2026-08-03,2026-08-03,,,D,D,AC,AC,858,858,YYZ,YYZ,LHR,LHR,HAMEEDA,HAMEEDA,BEGUM,BEGUM,,,"claimDate, operatingFlightNumber"
UPDATE,602236846,239824,0146032329846,,,2026-08-03,2026-08-03,2026-08-03,2026-08-03,P,P,AC,AC,858,858,YYZ,YYZ,LHR,LHR,HAMEEDA,HAMEEDA,BEGUM,BEGUM,P,P,"claimDate, confirmDate, operatingFlightNumber"
UPDATE,602236846,239825,0146032329846,,,2026-08-04,2026-08-04,2026-08-04,2026-08-04,P,P,AC,AC,858,858,YYZ,YYZ,LHR,LHR,HAMEEDA,HAMEEDA,BEGUM,BEGUM,P,P,"claimDate, confirmDate, operatingFlightNumber"
UPDATE,602236994,239826,0146032329846,,,2026-08-04,2026-08-04,2026-08-04,2026-08-04,P,P,AC,AC,858,858,YYZ,YYZ,LHR,LHR,HAMEEDA,HAMEEDA,BEGUM,BEGUM,P,P,"claimDate, confirmDate, operatingFlightNumber"
UPDATE,602237018,239827,0146032329846,,,2026-08-04,2026-08-04,2026-08-04,2026-08-04,P,P,AC,AC,858,858,YYZ,YYZ,LHR,LHR,HAMEEDA,HAMEEDA,BEGUM,BEGUM,P,P,"claimDate, confirmDate, operatingFlightNumber"
UPDATE,602237018,239828,0146032329846,,,2026-08-04,2026-08-04,2026-08-04,2026-08-04,P,P,AC,AC,858,858,YYZ,YYZ,LHR,LHR,HAMEEDA,HAMEEDA,BEGUM,BEGUM,P,P,"claimDate, confirmDate, operatingFlightNumber"
UPDATE,602237026,239729,0146032329846,,,2026-08-04,2026-08-04,2026-08-04,2026-08-04,P,P,AC,AC,858,858,YYZ,YYZ,LHR,LHR,HAMEEDA,HAMEEDA,BEGUM,BEGUM,P,P,"claimDate, confirmDate, operatingFlightNumber"
UPDATE,602237026,239730,0142173731480,,,2026-08-04,2026-08-04,2026-08-04,2026-08-04,P,P,AD,AD,4645,4645,GRU,GRU,SDU,SDU,HAMEEDA,HAMEEDA,BEGUM,BEGUM,F,F,"claimDate, confirmDate, operatingFlightNumber"
UPDATE,602237026,239731,0142173731480,,,2026-08-04,2026-08-04,2026-08-04,2026-08-04,P,P,AD,AD,4645,4645,GRU,GRU,SDU,SDU,HAMEEDA,HAMEEDA,BEGUM,BEGUM,P,P,"claimDate, confirmDate, operatingFlightNumber"
UPDATE,602237026,239831,0142173731480,,,2026-08-04,2026-08-04,2026-08-04,2026-08-04,R,R,AD,AD,4645,4645,GRU,GRU,SDU,SDU,HAMEEDA,HAMEEDA,BEGUM,BEGUM,,,"claimDate, confirmDate, operatingFlightNumber"
UPDATE,602243560,240008,0141020386302,,,2026-08-07,2026-08-07,2026-08-07,2026-08-07,P,P,AD,AD,4645,4645,GRU,GRU,SDU,SDU,Whitney,Whitney,Hill,Hill,P,P,"claimDate, confirmDate, operatingFlightNumber"
UPDATE,602243560,240008,0141020386303,,,2026-08-07,2026-08-07,,,D,D,AD,AD,4645,4645,GRU,GRU,SDU,SDU,Whitney,Whitney,Hill,Hill,,,"claimDate, operatingFlightNumber"
UPDATE,602243560,240101,0141020386203,,,2026-08-07,2026-08-07,2026-08-07,2026-08-07,P,P,AC,AC,211,211,YVR,YVR,YYC,YYC,Whitney,Whitney,Hill,Hill,P,P,"claimDate, confirmDate, operatingFlightNumber"
UPDATE,602243560,240101,141020386203,,,2026-08-07,2026-08-07,,,D,D,AC,AC,211,211,YVR,YVR,YYC,YYC,Whitney,Whitney,Hill,Hill,,,"claimDate, operatingFlightNumber"
UPDATE,602248056,240009,0142121997999,,,2026-08-07,2026-08-07,2026-08-07,2026-08-07,P,P,AC,AC,870,870,YUL,YUL,CDG,CDG,TEST3,VovZYtQ,UPDATE3,qfnlgAu,P,P,"claimDate, confirmDate, operatingFlightNumber, ticketedFirstName, ticketedLastName"
UPDATE,602248064,240010,0142117435985,,,2026-08-07,2026-08-07,2026-08-07,2026-08-07,P,P,VA,VA,770,770,PER,PER,BNE,BNE,Lpo,Lpo,WQCtaho,WQCtaho,P,P,"claimDate, confirmDate, operatingFlightNumber"
UPDATE,602249831,240016,0141020386203,,,2026-08-11,2026-08-11,2026-08-11,2026-08-11,P,P,AC,AC,211,211,YVR,YVR,YYC,YYC,Whitney,Whitney,Hill,Hill,P,P,"claimDate, confirmDate, operatingFlightNumber"
UPDATE,602249831,240016,141020386203,,,2026-08-11,2026-08-11,,,D,D,AC,AC,211,211,YVR,YVR,YYC,YYC,Whitney,Whitney,Hill,Hill,,,"claimDate, operatingFlightNumber"
UPDATE,602260515,241420,0142124761705,,,2026-09-25,2026-09-25,2026-09-25,2026-09-25,P,P,AC,AC,520,520,ORD,ORD,YUL,YUL,LAURA,LAURA,STEPHEN,STEPHEN,P,P,"claimDate, confirmDate, operatingFlightNumber"
UPDATE,602264152,241425,0142124724429,,,2026-09-28,2026-09-28,,,D,D,LH,LH,914,914,FRA,FRA,LHR,LHR,TEST5,KELLEN,UPDATE5,YOUNG,,,"claimDate, operatingFlightNumber, ticketedFirstName, ticketedLastName"
UPDATE,602264160,241419,0142124544241,,,2026-09-25,2026-09-25,2026-09-25,2026-09-25,P,P,AC,AC,33,33,YYZ,YYZ,SYD,SYD,TEST3,TEST3,UPDATE3,UPDATE3,P,P,"claimDate, confirmDate, operatingFlightNumber"
UPDATE,602265613,240511,0142123957862,,,2026-09-10,2026-09-10,2026-09-10,2026-09-10,P,P,AC,AC,306,306,YVR,YVR,YUL,YUL,HANNAH,HANNAH,WILLIAMS,WILLIAMS,P,P,"claimDate, confirmDate, operatingFlightNumber"
UPDATE,602265639,240332,0142124651162,,,2026-09-02,2026-09-02,2026-09-02,2026-09-02,P,P,AC,AC,357,357,YOW,YOW,YYC,YYC,MORGAN,MORGAN,WILLIAMS,WILLIAMS,P,P,"claimDate, confirmDate, operatingFlightNumber"
UPDATE,602265647,240228,0142124004105,,,2026-09-02,2026-09-02,2026-09-02,2026-09-02,P,P,AC,AC,943,943,BUD,BUD,YYZ,YYZ,ETHAN,ETHAN,MARTIN,MARTIN,P,P,"claimDate, confirmDate, operatingFlightNumber"
UPDATE,602265654,240331,0142124004121,,,2026-09-01,2026-09-01,2026-09-01,2026-09-01,P,P,AC,AC,841,841,FRA,FRA,YYZ,YYZ,HANNAH,HANNAH,JONES,JONES,P,P,"claimDate, confirmDate, operatingFlightNumber"
UPDATE,602267742,240216,0142033331866,,,2026-08-31,2026-08-31,2026-08-31,2026-08-31,P,P,LH,LH,123,123,PER,PER,BNE,BNE,Elza,Elza,Parisian,Parisian,R,R,"claimDate, confirmDate, operatingFlightNumber"
UPDATE,602267759,240217,0142125307911,,,2026-08-31,2026-08-31,2026-08-31,2026-08-31,P,P,AC,AC,870,870,YUL,YUL,CDG,CDG,TEST2,Walton,UPDATE2,Rosenbaum,P,P,"claimDate, confirmDate, operatingFlightNumber, ticketedFirstName, ticketedLastName"
UPDATE,602267767,240220,0142033331866,,,2026-08-31,2026-08-31,,,D,D,LH,LH,123,123,YVR,YVR,YUL,YUL,Elza,Elza,Parisian,Parisian,,,"claimDate, operatingFlightNumber"
UPDATE,602267775,240321,0142033331866,,,2026-08-31,2026-08-31,,,D,D,LH,LH,123,123,YVR,YVR,YUL,YUL,Elza,Elza,Parisian,Parisian,,,"claimDate, operatingFlightNumber"
UPDATE,602267775,240321,0142125307911,,,2026-08-31,2026-08-31,2026-08-31,2026-08-31,R,R,LH,LH,870,870,YUL,YUL,CDG,CDG,Walton,Walton,Rosenbaum,Rosenbaum,,,"claimDate, confirmDate, operatingFlightNumber"
UPDATE,602267783,240221,0142033331866,,,2026-08-31,2026-08-31,2026-08-31,2026-08-31,R,R,LH,LH,123,123,YVR,YVR,YUL,YUL,Berniece,Berniece,Harris,Harris,,,"claimDate, confirmDate, operatingFlightNumber"
UPDATE,602267791,240329,0142033331866,,,2026-08-31,2026-08-31,,,D,D,LH,LH,123,123,YVR,YVR,YUL,YUL,Berniece,Berniece,Harris,Harris,,,"claimDate, operatingFlightNumber"
UPDATE,602288029,241102,0142124872905,,,2026-09-17,2026-09-17,2026-09-17,2026-09-17,P,P,AC,AC,873,873,CDG,CDG,YYZ,YYZ,NAVEEN,NAVEEN,VARUN,VARUN,P,P,"claimDate, confirmDate, operatingFlightNumber"
UPDATE,602288037,241036,0142124761899,,,2026-09-22,2026-09-22,2026-09-22,2026-09-22,P,P,AC,AC,313,313,YUL,YUL,YVR,YVR,THARUN,THARUN,BASKHAR,BASKHAR,P,P,"claimDate, confirmDate, operatingFlightNumber"
UPDATE,602288086,241519,0142124872531,,,2026-09-25,2026-09-25,2026-09-25,2026-09-25,P,P,AC,AC,854,854,YYZ,YYZ,LHR,LHR,HARSHA,HARSHA,BHANU,BHANU,P,P,"claimDate, confirmDate, operatingFlightNumber"
UPDATE,602288094,241518,0142124902980,,,2026-09-25,2026-09-25,2026-09-25,2026-09-25,P,P,AC,AC,259,259,YYZ,YYZ,YWG,YWG,ADITHYA,ADITHYA,VARMA,VARMA,P,P,"claimDate, confirmDate, operatingFlightNumber"
UPDATE,602289803,241008,0141020386203,,,2026-09-18,2026-09-18,2026-09-18,2026-09-18,P,P,AC,AC,211,211,YVR,YVR,YYC,YYC,Whitney,Whitney,Hill,Hill,P,P,"claimDate, confirmDate, operatingFlightNumber"
UPDATE,602289803,241008,141020386203,,,2026-09-18,2026-09-18,,,D,D,AC,AC,211,211,YVR,YVR,YYC,YYC,Whitney,Whitney,Hill,Hill,,,"claimDate, operatingFlightNumber"
UPDATE,602289829,240711,0141020386203,,,2026-09-18,2026-09-18,2026-09-18,2026-09-18,P,P,AC,AC,211,211,YVR,YVR,YYC,YYC,Whitney,Whitney,Hill,Hill,P,P,"claimDate, confirmDate, operatingFlightNumber"
UPDATE,602289829,240711,141020386203,,,2026-09-18,2026-09-18,,,D,D,AC,AC,211,211,YVR,YVR,YYC,YYC,Whitney,Whitney,Hill,Hill,,,"claimDate, operatingFlightNumber"
UPDATE,602289829,241010,0141020386302,,,2026-09-18,2026-09-18,2026-09-18,2026-09-18,P,P,AD,AD,4645,4645,GRU,GRU,SDU,SDU,Whitney,Whitney,Hill,Hill,P,P,"claimDate, confirmDate, operatingFlightNumber"
UPDATE,602289829,241010,0141020386303,,,2026-09-18,2026-09-18,,,D,D,AD,AD,4645,4645,GRU,GRU,SDU,SDU,Whitney,Whitney,Hill,Hill,,,"claimDate, operatingFlightNumber"
UPDATE,602289977,240712,0141020386203,,,2026-09-18,2026-09-18,2026-09-18,2026-09-18,P,P,AC,AC,211,211,YVR,YVR,YYC,YYC,Whitney,Whitney,Hill,Hill,P,P,"claimDate, confirmDate, operatingFlightNumber"
UPDATE,602289977,240712,141020386203,,,2026-09-18,2026-09-18,,,D,D,AC,AC,211,211,YVR,YVR,YYC,YYC,Whitney,Whitney,Hill,Hill,,,"claimDate, operatingFlightNumber"
UPDATE,602289977,240713,0141020386302,,,2026-09-18,2026-09-18,2026-09-18,2026-09-18,P,P,AD,AD,4645,4645,GRU,GRU,SDU,SDU,Whitney,Whitney,Hill,Hill,P,P,"claimDate, confirmDate, operatingFlightNumber"
UPDATE,602289977,240713,0141020386303,,,2026-09-18,2026-09-18,,,D,D,AD,AD,4645,4645,GRU,GRU,SDU,SDU,Whitney,Whitney,Hill,Hill,,,"claimDate, operatingFlightNumber"
UPDATE,602293458,241012,0142121997999,,,2026-09-18,2026-09-18,2026-09-18,2026-09-18,P,P,AC,AC,870,870,YUL,YUL,CDG,CDG,TEST4,TEST4,UPDATE4,UPDATE4,P,P,"claimDate, confirmDate, operatingFlightNumber"
UPDATE,602293466,241013,0142117435985,,,2026-09-18,2026-09-18,2026-09-18,2026-09-18,P,P,VA,VA,770,770,PER,PER,BNE,BNE,TEST4,TEST4,UPDATE4,UPDATE4,P,P,"claimDate, confirmDate, operatingFlightNumber"
UPDATE,602293649,240714,0141020386302,,,2026-09-18,2026-09-18,2026-09-18,2026-09-18,P,P,AD,AD,4645,4645,GRU,GRU,SDU,SDU,Whitney,Whitney,Hill,Hill,P,P,"claimDate, confirmDate, operatingFlightNumber"
UPDATE,602293649,240714,0141020386303,,,2026-09-18,2026-09-18,,,D,D,AD,AD,4645,4645,GRU,GRU,SDU,SDU,Whitney,Whitney,Hill,Hill,,,"claimDate, operatingFlightNumber"
UPDATE,602293649,241014,0141020386203,,,2026-09-18,2026-09-18,2026-09-18,2026-09-18,P,P,AC,AC,211,211,YVR,YVR,YYC,YYC,Whitney,Whitney,Hill,Hill,P,P,"claimDate, confirmDate, operatingFlightNumber"
UPDATE,602293649,241014,141020386203,,,2026-09-18,2026-09-18,,,D,D,AC,AC,211,211,YVR,YVR,YYC,YYC,Whitney,Whitney,Hill,Hill,,,"claimDate, operatingFlightNumber"
UPDATE,602294209,241015,0141020386203,,,2026-09-18,2026-09-18,2026-09-18,2026-09-18,P,P,AC,AC,211,211,YVR,YVR,YYC,YYC,Whitney,Whitney,Hill,Hill,P,P,"claimDate, confirmDate, operatingFlightNumber"
UPDATE,602294209,241015,141020386203,,,2026-09-18,2026-09-18,,,D,D,AC,AC,211,211,YVR,YVR,YYC,YYC,Whitney,Whitney,Hill,Hill,,,"claimDate, operatingFlightNumber"
UPDATE,602294225,240716,0141020386203,,,2026-09-18,2026-09-18,2026-09-18,2026-09-18,P,P,AC,AC,211,211,YVR,YVR,YYC,YYC,Whitney,Whitney,Hill,Hill,P,P,"claimDate, confirmDate, operatingFlightNumber"
UPDATE,602294225,240716,141020386203,,,2026-09-18,2026-09-18,,,D,D,AC,AC,211,211,YVR,YVR,YYC,YYC,Whitney,Whitney,Hill,Hill,,,"claimDate, operatingFlightNumber"
UPDATE,602294225,241016,0141020386302,,,2026-09-18,2026-09-18,2026-09-18,2026-09-18,P,P,AD,AD,4645,4645,GRU,GRU,SDU,SDU,Whitney,Whitney,Hill,Hill,P,P,"claimDate, confirmDate, operatingFlightNumber"
UPDATE,602294225,241016,0141020386303,,,2026-09-18,2026-09-18,,,D,D,AD,AD,4645,4645,GRU,GRU,SDU,SDU,Whitney,Whitney,Hill,Hill,,,"claimDate, operatingFlightNumber"
UPDATE,602299836,240717,0142121997999,,,2026-09-18,2026-09-18,2026-09-18,2026-09-18,P,P,AC,AC,870,870,YUL,YUL,CDG,CDG,vLA,vLA,GdpCqCZ,GdpCqCZ,P,P,"claimDate, confirmDate, operatingFlightNumber"
UPDATE,602299851,240719,0142121997999,,,2026-09-18,2026-09-18,2026-09-18,2026-09-18,P,P,AC,AC,870,870,YUL,YUL,CDG,CDG,GMBLqgP,GMBLqgP,sIxqnfT,sIxqnfT,P,P,"claimDate, confirmDate, operatingFlightNumber"
UPDATE,602299877,241017,0142121997999,,,2026-09-18,2026-09-18,2026-09-18,2026-09-18,P,P,AC,AC,870,870,YUL,YUL,CDG,CDG,gBV,gBV,uWjSDyO,uWjSDyO,P,P,"claimDate, confirmDate, operatingFlightNumber"
UPDATE,602300972,240726,0141020386203,,,2026-09-22,2026-09-22,2026-09-22,2026-09-22,P,P,AC,AC,211,211,YVR,YVR,YYC,YYC,Whitney,Whitney,Hill,Hill,P,P,"claimDate, confirmDate, operatingFlightNumber"
UPDATE,602300972,240726,141020386203,,,2026-09-22,2026-09-22,,,D,D,AC,AC,211,211,YVR,YVR,YYC,YYC,Whitney,Whitney,Hill,Hill,,,"claimDate, operatingFlightNumber"
UPDATE,602300972,241201,0141020386302,,,2026-09-22,2026-09-22,2026-09-22,2026-09-22,P,P,AD,AD,4645,4645,GRU,GRU,SDU,SDU,Whitney,Whitney,Hill,Hill,P,P,"claimDate, confirmDate, operatingFlightNumber"
UPDATE,602300972,241201,0141020386303,,,2026-09-22,2026-09-22,,,D,D,AD,AD,4645,4645,GRU,GRU,SDU,SDU,Whitney,Whitney,Hill,Hill,,,"claimDate, operatingFlightNumber"
UPDATE,602303083,240727,0141020386302,,,2026-09-22,2026-09-22,2026-09-22,2026-09-22,P,P,AD,AD,4645,4645,GRU,GRU,SDU,SDU,Whitney,Whitney,Hill,Hill,P,P,"claimDate, confirmDate, operatingFlightNumber"
UPDATE,602303083,240727,0141020386303,,,2026-09-22,2026-09-22,,,D,D,AD,AD,4645,4645,GRU,GRU,SDU,SDU,Whitney,Whitney,Hill,Hill,,,"claimDate, operatingFlightNumber"
UPDATE,602303083,241024,0141020386203,,,2026-09-22,2026-09-22,2026-09-22,2026-09-22,P,P,AC,AC,211,211,YVR,YVR,YYC,YYC,Whitney,Whitney,Hill,Hill,P,P,"claimDate, confirmDate, operatingFlightNumber"
UPDATE,602303083,241024,141020386203,,,2026-09-22,2026-09-22,,,D,D,AC,AC,211,211,YVR,YVR,YYC,YYC,Whitney,Whitney,Hill,Hill,,,"claimDate, operatingFlightNumber"
UPDATE,602307571,240728,0141020386203,,,2026-09-22,2026-09-22,2026-09-22,2026-09-22,P,P,AC,AC,211,211,YVR,YVR,YYC,YYC,Whitney,Whitney,Hill,Hill,P,P,"claimDate, confirmDate, operatingFlightNumber"
UPDATE,602307571,240728,141020386203,,,2026-09-22,2026-09-22,,,D,D,AC,AC,211,211,YVR,YVR,YYC,YYC,Whitney,Whitney,Hill,Hill,,,"claimDate, operatingFlightNumber"
UPDATE,602307613,240730,0141020386302,,,2026-09-22,2026-09-22,2026-09-22,2026-09-22,P,P,AD,AD,4645,4645,GRU,GRU,SDU,SDU,Whitney,Whitney,Hill,Hill,P,P,"claimDate, confirmDate, operatingFlightNumber"
UPDATE,602307613,240730,0141020386303,,,2026-09-22,2026-09-22,,,D,D,AD,AD,4645,4645,GRU,GRU,SDU,SDU,Whitney,Whitney,Hill,Hill,,,"claimDate, operatingFlightNumber"
UPDATE,602307613,241025,0141020386203,,,2026-09-22,2026-09-22,2026-09-22,2026-09-22,P,P,AC,AC,211,211,YVR,YVR,YYC,YYC,Whitney,Whitney,Hill,Hill,P,P,"claimDate, confirmDate, operatingFlightNumber"
UPDATE,602307613,241025,141020386203,,,2026-09-22,2026-09-22,,,D,D,AC,AC,211,211,YVR,YVR,YYC,YYC,Whitney,Whitney,Hill,Hill,,,"claimDate, operatingFlightNumber"
UPDATE,602307688,240731,0142117435985,,,2026-09-22,2026-09-22,2026-09-22,2026-09-22,P,P,VA,VA,770,770,PER,PER,BNE,BNE,pPRAF,pPRAF,qWXQFiQ,qWXQFiQ,P,P,"claimDate, confirmDate, operatingFlightNumber"
UPDATE,602310377,240732,0142121997999,,,2026-09-22,2026-09-22,2026-09-22,2026-09-22,P,P,AC,AC,870,870,YUL,YUL,CDG,CDG,TEST5,TEST5,UPDATE5,UPDATE5,P,P,"claimDate, confirmDate, operatingFlightNumber"
UPDATE,602310385,240733,0142117435985,,,2026-09-22,2026-09-22,2026-09-22,2026-09-22,P,P,VA,VA,770,770,PER,PER,BNE,BNE,jHEyr,jHEyr,ozzEXCu,ozzEXCu,P,P,"claimDate, confirmDate, operatingFlightNumber"
UPDATE,602310898,240734,0141020386203,,,2026-09-22,2026-09-22,2026-09-22,2026-09-22,P,P,AC,AC,211,211,YVR,YVR,YYC,YYC,Whitney,Whitney,Hill,Hill,P,P,"claimDate, confirmDate, operatingFlightNumber"
UPDATE,602310898,240734,141020386203,,,2026-09-22,2026-09-22,,,D,D,AC,AC,211,211,YVR,YVR,YYC,YYC,Whitney,Whitney,Hill,Hill,,,"claimDate, operatingFlightNumber"
UPDATE,602310898,241028,0141020386302,,,2026-09-22,2026-09-22,2026-09-22,2026-09-22,P,P,AD,AD,4645,4645,GRU,GRU,SDU,SDU,Whitney,Whitney,Hill,Hill,P,P,"claimDate, confirmDate, operatingFlightNumber"
UPDATE,602310898,241028,0141020386303,,,2026-09-22,2026-09-22,,,D,D,AD,AD,4645,4645,GRU,GRU,SDU,SDU,Whitney,Whitney,Hill,Hill,,,"claimDate, operatingFlightNumber"
UPDATE,602315020,241029,0142121997999,,,2026-09-22,2026-09-22,2026-09-22,2026-09-22,P,P,AC,AC,870,870,YUL,YUL,CDG,CDG,qbn,qbn,rEIOsdb,rEIOsdb,P,P,"claimDate, confirmDate, operatingFlightNumber"
UPDATE,602315038,240735,0142117435985,,,2026-09-22,2026-09-22,2026-09-22,2026-09-22,P,P,VA,VA,770,770,PER,PER,BNE,BNE,xbKzlPb,xbKzlPb,uDTuLfK,uDTuLfK,P,P,"claimDate, confirmDate, operatingFlightNumber"
UPDATE,602315517,240736,0141020386203,,,2026-09-22,2026-09-22,2026-09-22,2026-09-22,P,P,AC,AC,211,211,YVR,YVR,YYC,YYC,Whitney,Whitney,Hill,Hill,P,P,"claimDate, confirmDate, operatingFlightNumber"
UPDATE,602315517,240736,141020386203,,,2026-09-22,2026-09-22,,,D,D,AC,AC,211,211,YVR,YVR,YYC,YYC,Whitney,Whitney,Hill,Hill,,,"claimDate, operatingFlightNumber"
UPDATE,602315517,241030,0141020386302,,,2026-09-22,2026-09-22,2026-09-22,2026-09-22,P,P,AD,AD,4645,4645,GRU,GRU,SDU,SDU,Whitney,Whitney,Hill,Hill,P,P,"claimDate, confirmDate, operatingFlightNumber"
UPDATE,602315517,241030,0141020386303,,,2026-09-22,2026-09-22,,,D,D,AD,AD,4645,4645,GRU,GRU,SDU,SDU,Whitney,Whitney,Hill,Hill,,,"claimDate, operatingFlightNumber"
UPDATE,602319717,240737,0142121997999,,,2026-09-22,2026-09-22,2026-09-22,2026-09-22,P,P,AC,AC,870,870,YUL,YUL,CDG,CDG,TEST4,DMCBHYE,UPDATE4,xhCshIW,P,P,"claimDate, confirmDate, operatingFlightNumber, ticketedFirstName, ticketedLastName"
UPDATE,602319725,240738,0142117435985,,,2026-09-22,2026-09-22,2026-09-22,2026-09-22,P,P,VA,VA,770,770,PER,PER,BNE,BNE,Sdhlm,Sdhlm,zHqKGWx,zHqKGWx,P,P,"claimDate, confirmDate, operatingFlightNumber"
UPDATE,602320400,241032,0141020386203,,,2026-09-22,2026-09-22,2026-09-22,2026-09-22,P,P,AC,AC,211,211,YVR,YVR,YYC,YYC,Whitney,Whitney,Hill,Hill,P,P,"claimDate, confirmDate, operatingFlightNumber"
UPDATE,602320400,241032,141020386203,,,2026-09-22,2026-09-22,,,D,D,AC,AC,211,211,YVR,YVR,YYC,YYC,Whitney,Whitney,Hill,Hill,,,"claimDate, operatingFlightNumber"
UPDATE,602320426,240739,0141020386203,,,2026-09-22,2026-09-22,2026-09-22,2026-09-22,P,P,AC,AC,211,211,YVR,YVR,YYC,YYC,Whitney,Whitney,Hill,Hill,P,P,"claimDate, confirmDate, operatingFlightNumber"
UPDATE,602320426,240739,141020386203,,,2026-09-22,2026-09-22,,,D,D,AC,AC,211,211,YVR,YVR,YYC,YYC,Whitney,Whitney,Hill,Hill,,,"claimDate, operatingFlightNumber"
UPDATE,602320426,241034,0141020386302,,,2026-09-22,2026-09-22,2026-09-22,2026-09-22,P,P,AD,AD,4645,4645,GRU,GRU,SDU,SDU,Whitney,Whitney,Hill,Hill,P,P,"claimDate, confirmDate, operatingFlightNumber"
UPDATE,602320426,241034,0141020386303,,,2026-09-22,2026-09-22,,,D,D,AD,AD,4645,4645,GRU,GRU,SDU,SDU,Whitney,Whitney,Hill,Hill,,,"claimDate, operatingFlightNumber"
UPDATE,602324725,241035,0142121997999,,,2026-09-22,2026-09-22,2026-09-22,2026-09-22,P,P,AC,AC,870,870,YUL,YUL,CDG,CDG,GcKSfK,GcKSfK,IJRMZir,IJRMZir,P,P,"claimDate, confirmDate, operatingFlightNumber"
UPDATE,602324733,240741,0142117435985,,,2026-09-22,2026-09-22,2026-09-22,2026-09-22,P,P,VA,VA,770,770,PER,PER,BNE,BNE,VJV,VJV,QstDyoT,QstDyoT,P,P,"claimDate, confirmDate, operatingFlightNumber"
UPDATE,602329807,241501,0142117435985,,,2026-09-23,2026-09-23,2026-09-23,2026-09-23,P,P,VA,VA,770,770,PER,PER,BNE,BNE,ogwnIOt,ogwnIOt,APqeZhh,APqeZhh,P,P,"claimDate, confirmDate, operatingFlightNumber"
UPDATE,602330979,241403,0141020386302,,,2026-09-24,2026-09-24,2026-09-24,2026-09-24,P,P,AD,AD,4645,4645,GRU,GRU,SDU,SDU,Whitney,Whitney,Hill,Hill,P,P,"claimDate, confirmDate, operatingFlightNumber"
UPDATE,602330979,241403,0141020386303,,,2026-09-24,2026-09-24,,,D,D,AD,AD,4645,4645,GRU,GRU,SDU,SDU,Whitney,Whitney,Hill,Hill,,,"claimDate, operatingFlightNumber"
UPDATE,602330979,241601,0141020386203,,,2026-09-24,2026-09-24,2026-09-24,2026-09-24,P,P,AC,AC,211,211,YVR,YVR,YYC,YYC,Whitney,Whitney,Hill,Hill,P,P,"claimDate, confirmDate, operatingFlightNumber"
UPDATE,602330979,241601,141020386203,,,2026-09-24,2026-09-24,,,D,D,AC,AC,211,211,YVR,YVR,YYC,YYC,Whitney,Whitney,Hill,Hill,,,"claimDate, operatingFlightNumber"
UPDATE,602330995,241404,0141020386203,,,2026-09-24,2026-09-24,2026-09-24,2026-09-24,P,P,AC,AC,211,211,YVR,YVR,YYC,YYC,Whitney,Whitney,Hill,Hill,P,P,"claimDate, confirmDate, operatingFlightNumber"
UPDATE,602330995,241404,141020386203,,,2026-09-24,2026-09-24,,,D,D,AC,AC,211,211,YVR,YVR,YYC,YYC,Whitney,Whitney,Hill,Hill,,,"claimDate, operatingFlightNumber"
UPDATE,602330995,241602,0141020386302,,,2026-09-24,2026-09-24,2026-09-24,2026-09-24,P,P,AD,AD,4645,4645,GRU,GRU,SDU,SDU,Whitney,Whitney,Hill,Hill,P,P,"claimDate, confirmDate, operatingFlightNumber"
UPDATE,602330995,241602,0141020386303,,,2026-09-24,2026-09-24,,,D,D,AD,AD,4645,4645,GRU,GRU,SDU,SDU,Whitney,Whitney,Hill,Hill,,,"claimDate, operatingFlightNumber"
UPDATE,602335374,241405,0142121997999,,,2026-09-24,2026-09-24,2026-09-24,2026-09-24,P,P,AC,AC,870,870,YUL,YUL,CDG,CDG,QtAyQYr,QtAyQYr,wpoGXmN,wpoGXmN,P,P,"claimDate, confirmDate, operatingFlightNumber"
UPDATE,602335382,241406,0142117435985,,,2026-09-24,2026-09-24,2026-09-24,2026-09-24,P,P,VA,VA,770,770,PER,PER,BNE,BNE,QaWDObr,QaWDObr,iZjQkUL,iZjQkUL,P,P,"claimDate, confirmDate, operatingFlightNumber"
UPDATE,602335903,241408,0141020386203,,,2026-09-24,2026-09-24,2026-09-24,2026-09-24,P,P,AC,AC,211,211,YVR,YVR,YYC,YYC,Whitney,Whitney,Hill,Hill,P,P,"claimDate, confirmDate, operatingFlightNumber"
UPDATE,602335903,241408,141020386203,,,2026-09-24,2026-09-24,,,D,D,AC,AC,211,211,YVR,YVR,YYC,YYC,Whitney,Whitney,Hill,Hill,,,"claimDate, operatingFlightNumber"
UPDATE,602335903,241503,0141020386302,,,2026-09-24,2026-09-24,2026-09-24,2026-09-24,P,P,AD,AD,4645,4645,GRU,GRU,SDU,SDU,Whitney,Whitney,Hill,Hill,P,P,"claimDate, confirmDate, operatingFlightNumber"
UPDATE,602335903,241503,0141020386303,,,2026-09-24,2026-09-24,,,D,D,AD,AD,4645,4645,GRU,GRU,SDU,SDU,Whitney,Whitney,Hill,Hill,,,"claimDate, operatingFlightNumber"
UPDATE,602340184,241504,0142121997999,,,2026-09-24,2026-09-24,2026-09-24,2026-09-24,P,P,AC,AC,870,870,YUL,YUL,CDG,CDG,wwHrm,wwHrm,YoGIlvG,YoGIlvG,P,P,"claimDate, confirmDate, operatingFlightNumber"
UPDATE,602340200,241410,0142121997999,,,2026-09-24,2026-09-24,2026-09-24,2026-09-24,P,P,AC,AC,870,870,YUL,YUL,CDG,CDG,SkFak,SkFak,ZEoyDQH,ZEoyDQH,P,P,"claimDate, confirmDate, operatingFlightNumber"
UPDATE,602340226,241411,0142121997999,,,2026-09-24,2026-09-24,2026-09-24,2026-09-24,P,P,AC,AC,870,870,YUL,YUL,CDG,CDG,NTpAXs,NTpAXs,OUlijRW,OUlijRW,P,P,"claimDate, confirmDate, operatingFlightNumber"
UPDATE,602340234,241506,0142117435985,,,2026-09-24,2026-09-24,2026-09-24,2026-09-24,P,P,VA,VA,770,770,PER,PER,BNE,BNE,QXQ,QXQ,hYcnfSr,hYcnfSr,P,P,"claimDate, confirmDate, operatingFlightNumber"
UPDATE,602341604,241524,0142124872696,,,2026-09-28,2026-09-28,2026-09-28,2026-09-28,P,P,AC,AC,345,345,YOW,YOW,YVR,YVR,TEST5,TEST5,UPDATE5,UPDATE5,P,P,"claimDate, confirmDate, operatingFlightNumber"
UPDATE,602346900,241701,0142121997999,,,2026-09-29,2026-09-29,2026-09-29,2026-09-29,P,P,AC,AC,870,870,YUL,YUL,CDG,CDG,XooiPX,XooiPX,lLLLqNB,lLLLqNB,P,P,"claimDate, confirmDate, operatingFlightNumber"
UPDATE,602346918,241528,0142117435985,,,2026-09-29,2026-09-29,2026-09-29,2026-09-29,P,P,VA,VA,770,770,PER,PER,BNE,BNE,lZmYq,lZmYq,LXtsYQo,LXtsYQo,P,P,"claimDate, confirmDate, operatingFlightNumber"
UPDATE,602351199,241801,0141020386203,,,2026-09-29,2026-09-29,2026-09-29,2026-09-29,P,P,AC,AC,211,211,YVR,YVR,YYC,YYC,Whitney,Whitney,Hill,Hill,P,P,"claimDate, confirmDate, operatingFlightNumber"
UPDATE,602351199,241801,141020386203,,,2026-09-29,2026-09-29,,,D,D,AC,AC,211,211,YVR,YVR,YYC,YYC,Whitney,Whitney,Hill,Hill,,,"claimDate, operatingFlightNumber"
UPDATE,602351355,241427,0141020386203,,,2026-09-29,2026-09-29,2026-09-29,2026-09-29,P,P,AC,AC,211,211,YVR,YVR,YYC,YYC,Whitney,Whitney,Hill,Hill,P,P,"claimDate, confirmDate, operatingFlightNumber"
UPDATE,602351355,241427,141020386203,,,2026-09-29,2026-09-29,,,D,D,AC,AC,211,211,YVR,YVR,YYC,YYC,Whitney,Whitney,Hill,Hill,,,"claimDate, operatingFlightNumber"
UPDATE,602351355,241428,0141020386302,,,2026-09-29,2026-09-29,2026-09-29,2026-09-29,P,P,AD,AD,4645,4645,GRU,GRU,SDU,SDU,Whitney,Whitney,Hill,Hill,P,P,"claimDate, confirmDate, operatingFlightNumber"
UPDATE,602351355,241428,0141020386303,,,2026-09-29,2026-09-29,,,D,D,AD,AD,4645,4645,GRU,GRU,SDU,SDU,Whitney,Whitney,Hill,Hill,,,"claimDate, operatingFlightNumber"
UPDATE,612344112,236311,0142133397922,,,2026-08-27,2026-08-27,2026-08-27,2026-08-27,P,P,AC,AC,870,870,YUL,YUL,CDG,CDG,RACHEL,RACHEL,KAPLAN,KAPLAN,P,P,"claimDate, confirmDate, operatingFlightNumber"
UPDATE,702294221,240102,0141020386203,,,2026-08-07,2026-08-07,2026-08-07,2026-08-07,P,P,AC,AC,211,211,YVR,YVR,YYC,YYC,Kanagaraj,Kanagaraj,Malai,Malai,P,P,"claimDate, confirmDate, operatingFlightNumber"
UPDATE,702294222,240711,0141020386203,,,2026-09-18,2026-09-18,2026-09-18,2026-09-18,P,P,AC,AC,211,211,YVR,YVR,YYC,YYC,Lokesh,Lokesh,Hill,Hill,P,P,"claimDate, confirmDate, operatingFlightNumber"
UPDATE,769927783,240221,7699011228877,,,2026-08-31,2026-08-31,2026-08-31,2026-08-31,R,R,LH,LH,123,123,YVR,YVR,YUL,YUL,Berniece,Berniece,Harris,Harris,7,7,"claimDate, confirmDate, operatingFlightNumber"
UPDATE,811127783,240221,8111011228877,,,2026-08-31,2026-08-31,2026-08-31,2026-08-31,R,R,LH,LH,123,123,YVR,YVR,YUL,YUL,Berniece,Berniece,Harris,Harris,7,7,"claimDate, confirmDate, operatingFlightNumber"
UPDATE,876727783,240221,8767011228877,,,2026-08-31,2026-08-31,2026-08-31,2026-08-31,R,R,LH,LH,123,123,YVR,YVR,YUL,YUL,Berniece,Berniece,Harris,Harris,7,7,"claimDate, confirmDate, operatingFlightNumber"
UPDATE,886627783,240221,8866011228877,,,2026-08-31,2026-08-31,2026-08-31,2026-08-31,R,R,LH,LH,123,123,YVR,YVR,YUL,YUL,Berniece,Berniece,Harris,Harris,7,7,"claimDate, confirmDate, operatingFlightNumber"
UPDATE,911227783,240221,0142011228877,,,2026-08-31,2026-08-31,2026-08-31,2026-08-31,R,R,LH,LH,123,123,YVR,YVR,YUL,YUL,Berniece,Berniece,Harris,Harris,7,7,"claimDate, confirmDate, operatingFlightNumber"
UPDATE,956567783,240221,0142033338877,,,2026-08-31,2026-08-31,2026-08-31,2026-08-31,R,R,LH,LH,123,123,YVR,YVR,YUL,YUL,Berniece,Berniece,Harris,Harris,7,7,"claimDate, confirmDate, operatingFlightNumber"
DELETE,601767130,240507,0143532878459,,,,2026-09-08,,,,D,,EK,,412,,YVR,,YUL,,SANDHU,,JASVEER,,,
DELETE,602265621,240512,0142124105810,,,,2026-09-10,,2026-09-10,,P,,AC,,481,,YUL,,YYZ,,JAMIE,,SMITH,,P,
DELETE,602307670,241027,0142121997999,,,,2026-09-22,,2026-09-22,,P,,AC,,870,,YUL,,CDG,,NdVNUf,,biFDxig,,P,
DELETE,782243560,241528,0142117435985,,,,2026-09-29,,2026-09-29,,P,,VA,,770,,Usain,,tyson,,lZmYq,,LXtsYQo,,P,
DELETE,782243561,240008,0141020386302,,,,2026-08-07,,2026-08-07,,P,,AD,,4645,,Alexander,,Fury,,Whitney,,Hill,,P,
